Date|Home Team|Away Team|Home Goals|Away Goals|Tier
1991-05-20|Man Utd|Tottenham|1|1|1
1991-05-11|Lincoln|Carlisle|6|2|4
1991-05-11|Torquay|York|2|1|4
1991-05-11|Gillingham|Doncaster|2|0|4
1991-05-11|Chesterfield|Peterborough|2|2|4
1991-05-11|Halifax|Aldershot|3|0|4
1991-05-11|Hartlepool|Northampton|3|1|4
1991-05-11|Stockport|Scunthorpe|5|0|4
1991-05-11|Walsall|Blackpool|2|0|4
1991-05-11|Burnley|Wrexham|2|0|4
1991-05-11|Scarborough|Hereford|2|1|4
1991-05-11|Darlington (old)|Rochdale|2|0|4
1991-05-11|Cardiff|Maidstone|0|0|4
1991-05-11|Sheff Utd|Norwich|2|1|1
1991-05-11|Liverpool|Tottenham|2|0|1
1991-05-11|QPR|Everton|1|1|1
1991-05-11|Nottm Forest|Leeds|4|3|1
1991-05-11|Luton|Derby|2|0|1
1991-05-11|C Palace|Man Utd|3|0|1
1991-05-11|Arsenal|Coventry|6|1|1
1991-05-11|Aston Villa|Chelsea|2|2|1
1991-05-11|Southampton|Wimbledon|1|1|1
1991-05-11|Man City|Sunderland|3|2|1
1991-05-11|Newcastle|Hull|1|2|2
1991-05-11|Wolves|Portsmouth|3|1|2
1991-05-11|Port Vale|Swindon|3|1|2
1991-05-11|Brighton|Ipswich|2|1|2
1991-05-11|Bristol R|West Brom|1|1|2
1991-05-11|Oldham|Sheff Wed|3|2|2
1991-05-11|Millwall|Blackburn|2|1|2
1991-05-11|Watford|Bristol C|2|3|2
1991-05-11|Barnsley|Middlesbro|1|0|2
1991-05-11|West Ham|Notts Co|1|2|2
1991-05-11|Plymouth|Charlton|2|0|2
1991-05-11|Leicester|Oxford|1|0|2
1991-05-11|Preston|Wigan|2|1|3
1991-05-11|Shrewsbury|Bournemouth|3|1|3
1991-05-11|Huddersfield|Birmingham|0|1|3
1991-05-11|Fulham|Leyton Orient|1|1|3
1991-05-11|Tranmere|Bury|1|2|3
1991-05-11|Reading|Stoke|1|0|3
1991-05-11|Southend|Brentford|0|1|3
1991-05-11|Bolton|Chester|1|0|3
1991-05-11|Grimsby|Exeter|2|1|3
1991-05-11|Crewe|Mansfield|3|0|3
1991-05-11|Cambridge U|Swansea|2|0|3
1991-05-11|Bradford|Rotherham|1|0|3
1991-05-09|Swansea|Bradford|0|2|3
1991-05-08|Maidstone|Aldershot|1|1|4
1991-05-08|Aston Villa|Norwich|2|1|1
1991-05-08|Derby|Everton|2|3|1
1991-05-08|Leeds|Sheff Utd|2|1|1
1991-05-08|Sheff Wed|Bristol C|3|1|2
1991-05-08|West Ham|Bristol R|1|0|2
1991-05-07|Doncaster|Torquay|1|1|4
1991-05-07|Blackpool|Northampton|2|1|4
1991-05-07|Peterborough|Hereford|3|0|4
1991-05-07|Scunthorpe|Wrexham|2|0|4
1991-05-07|Notts Co|Ipswich|3|1|2
1991-05-07|Oldham|Middlesbro|2|0|2
1991-05-07|Barnsley|Newcastle|1|1|2
1991-05-07|Shrewsbury|Reading|5|1|3
1991-05-07|Tranmere|Preston|2|1|3
1991-05-07|Southend|Leyton Orient|1|1|3
1991-05-07|Cambridge U|Bradford|2|1|3
1991-05-06|Nottm Forest|Liverpool|2|1|1
1991-05-06|Arsenal|Man Utd|3|1|1
1991-05-06|Port Vale|Sheff Wed|1|1|2
1991-05-04|Doncaster|Chesterfield|0|1|4
1991-05-04|Wrexham|Gillingham|3|0|4
1991-05-04|Aldershot|Walsall|0|4|4
1991-05-04|York|Stockport|0|2|4
1991-05-04|Maidstone|Scarborough|0|1|4
1991-05-04|Rochdale|Burnley|0|0|4
1991-05-04|Carlisle|Torquay|3|1|4
1991-05-04|Hereford|Hartlepool|1|3|4
1991-05-04|Peterborough|Cardiff|3|0|4
1991-05-04|Scunthorpe|Darlington (old)|2|1|4
1991-05-04|Chelsea|Liverpool|4|2|1
1991-05-04|Tottenham|Nottm Forest|1|1|1
1991-05-04|Norwich|QPR|1|0|1
1991-05-04|Coventry|Sheff Utd|0|0|1
1991-05-04|Wimbledon|C Palace|0|3|1
1991-05-04|Everton|Luton|1|0|1
1991-05-04|Man Utd|Man City|1|0|1
1991-05-04|Sunderland|Arsenal|0|0|1
1991-05-04|Derby|Southampton|6|2|1
1991-05-04|Leeds|Aston Villa|5|2|1
1991-05-04|Portsmouth|Bristol R|3|1|2
1991-05-04|Charlton|West Ham|1|1|2
1991-05-04|Sheff Wed|Millwall|2|1|2
1991-05-04|Hull|Plymouth|2|0|2
1991-05-04|Blackburn|Wolves|1|1|2
1991-05-04|Notts Co|Oldham|2|0|2
1991-05-04|Ipswich|Leicester|3|2|2
1991-05-04|Bristol C|Port Vale|1|1|2
1991-05-04|Middlesbro|Brighton|2|0|2
1991-05-04|Oxford|Watford|0|1|2
1991-05-04|West Brom|Newcastle|1|1|2
1991-05-04|Swindon|Barnsley|1|2|2
1991-05-04|Leyton Orient|Reading|4|0|3
1991-05-04|Birmingham|Shrewsbury|0|1|3
1991-05-04|Brentford|Tranmere|0|2|3
1991-05-04|Rotherham|Cambridge U|3|2|3
1991-05-04|Bury|Southend|0|1|3
1991-05-04|Chester|Crewe|3|1|3
1991-05-04|Stoke|Grimsby|0|0|3
1991-05-04|Exeter|Fulham|0|1|3
1991-05-04|Mansfield|Huddersfield|0|0|3
1991-05-04|Swansea|Bolton|1|2|3
1991-05-04|Wigan|Bradford|3|0|3
1991-05-02|Cardiff|Blackpool|1|1|4
1991-05-02|Bournemouth|Preston|0|0|3
1991-05-01|Maidstone|Carlisle|0|0|4
1991-04-30|Torquay|Scarborough|2|0|4
1991-04-30|Blackpool|Halifax|2|0|4
1991-04-30|Northampton|Lincoln|1|1|4
1991-04-30|Rochdale|Hereford|2|1|4
1991-04-30|Chesterfield|Aldershot|1|0|4
1991-04-30|Hartlepool|Gillingham|1|0|4
1991-04-30|Burnley|Doncaster|1|0|4
1991-04-30|Reading|Bradford|1|2|3
1991-04-30|Southend|Cambridge U|0|0|3
1991-04-30|Crewe|Rotherham|3|1|3
1991-04-30|Chester|Brentford|1|2|3
1991-04-30|Exeter|Shrewsbury|3|0|3
1991-04-30|Swansea|Leyton Orient|0|0|3
1991-04-27|Doncaster|Cardiff|1|1|4
1991-04-27|Wrexham|Torquay|2|1|4
1991-04-27|Blackpool|Stockport|3|2|4
1991-04-27|Northampton|Darlington (old)|0|3|4
1991-04-27|Aldershot|Gillingham|1|0|4
1991-04-27|Maidstone|Burnley|1|0|4
1991-04-27|Rochdale|Lincoln|0|0|4
1991-04-27|Carlisle|Scarborough|4|1|4
1991-04-27|Hereford|Halifax|1|0|4
1991-04-27|Peterborough|Hartlepool|1|1|4
1991-04-27|Scunthorpe|Chesterfield|3|0|4
1991-04-27|Portsmouth|Watford|0|1|2
1991-04-27|Charlton|Newcastle|1|0|2
1991-04-27|Sheff Wed|Barnsley|3|1|2
1991-04-27|Hull|Brighton|0|1|2
1991-04-27|Blackburn|West Ham|3|1|2
1991-04-27|Notts Co|Plymouth|4|0|2
1991-04-27|Ipswich|Oldham|1|2|2
1991-04-27|Bristol C|Millwall|1|4|2
1991-04-27|Middlesbro|Wolves|2|0|2
1991-04-27|Oxford|Bristol R|3|1|2
1991-04-27|West Brom|Port Vale|1|1|2
1991-04-27|Swindon|Leicester|5|2|2
1991-04-27|Leyton Orient|Grimsby|0|2|3
1991-04-27|Birmingham|Crewe|0|2|3
1991-04-27|Bournemouth|Huddersfield|3|1|3
1991-04-27|Brentford|Reading|1|0|3
1991-04-27|Rotherham|Bolton|2|2|3
1991-04-27|Bury|Fulham|1|1|3
1991-04-27|Chester|Preston|1|1|3
1991-04-27|Stoke|Bradford|2|1|3
1991-04-27|Exeter|Southend|1|2|3
1991-04-27|Mansfield|Tranmere|0|2|3
1991-04-27|Swansea|Shrewsbury|0|1|3
1991-04-27|Wigan|Cambridge U|0|1|3
1991-04-26|York|Walsall|1|0|4
1991-04-25|Ipswich|Barnsley|2|0|2
1991-04-24|Maidstone|Gillingham|3|1|4
1991-04-24|Tottenham|Everton|3|3|1
1991-04-24|Nottm Forest|Norwich|5|0|1
1991-04-24|Sheff Wed|Leicester|0|0|2
1991-04-24|West Ham|Newcastle|1|1|2
1991-04-24|Cambridge U|Bournemouth|4|0|3
1991-04-23|Doncaster|Halifax|1|2|4
1991-04-23|Aldershot|Chesterfield|1|0|4
1991-04-23|York|Scarborough|2|0|4
1991-04-23|Rochdale|Hartlepool|0|0|4
1991-04-23|Stockport|Torquay|2|1|4
1991-04-23|Burnley|Blackpool|2|0|4
1991-04-23|Peterborough|Scunthorpe|0|0|4
1991-04-23|Liverpool|C Palace|3|0|1
1991-04-23|Arsenal|QPR|2|0|1
1991-04-23|Aston Villa|Man City|1|5|1
1991-04-23|Sunderland|Wimbledon|0|0|1
1991-04-23|Derby|Leeds|0|1|1
1991-04-23|Brighton|Bristol C|0|1|2
1991-04-23|Watford|West Brom|1|1|2
1991-04-23|Barnsley|Blackburn|0|1|2
1991-04-23|Swindon|Notts Co|1|2|2
1991-04-23|Leyton Orient|Wigan|1|1|3
1991-04-23|Fulham|Brentford|0|1|3
1991-04-23|Reading|Shrewsbury|1|2|3
1991-04-23|Grimsby|Crewe|0|1|3
1991-04-23|Chester|Swansea|2|1|3
1991-04-23|Mansfield|Rotherham|1|2|3
1991-04-20|Lincoln|Doncaster|0|0|4
1991-04-20|Torquay|Rochdale|3|1|4
1991-04-20|Gillingham|Blackpool|2|2|4
1991-04-20|Chesterfield|Carlisle|4|1|4
1991-04-20|Hartlepool|Wrexham|2|1|4
1991-04-20|Walsall|Northampton|3|3|4
1991-04-20|Burnley|Peterborough|4|1|4
1991-04-20|Scarborough|Scunthorpe|3|1|4
1991-04-20|Darlington (old)|Maidstone|1|1|4
1991-04-20|Cardiff|Hereford|0|2|4
1991-04-20|Sheff Utd|Tottenham|2|2|1
1991-04-20|Liverpool|Norwich|3|0|1
1991-04-20|Nottm Forest|Chelsea|7|0|1
1991-04-20|Luton|Sunderland|1|2|1
1991-04-20|C Palace|Everton|0|0|1
1991-04-20|Aston Villa|Wimbledon|1|2|1
1991-04-20|Southampton|Coventry|2|1|1
1991-04-20|Man City|Derby|2|1|1
1991-04-20|Newcastle|Ipswich|2|2|2
1991-04-20|Wolves|Hull|0|0|2
1991-04-20|Brighton|Oxford|0|3|2
1991-04-20|Bristol R|Middlesbro|2|0|2
1991-04-20|Oldham|Bristol C|2|1|2
1991-04-20|Millwall|Notts Co|1|2|2
1991-04-20|Watford|Charlton|2|1|2
1991-04-20|Barnsley|West Brom|1|1|2
1991-04-20|West Ham|Swindon|2|0|2
1991-04-20|Plymouth|Blackburn|4|1|2
1991-04-20|Leicester|Portsmouth|2|1|2
1991-04-20|Preston|Rotherham|1|2|3
1991-04-20|Shrewsbury|Chester|1|0|3
1991-04-20|Huddersfield|Brentford|1|2|3
1991-04-20|Fulham|Swansea|1|1|3
1991-04-20|Tranmere|Exeter|1|0|3
1991-04-20|Reading|Bury|1|0|3
1991-04-20|Bolton|Leyton Orient|1|0|3
1991-04-20|Grimsby|Birmingham|0|0|3
1991-04-20|Crewe|Bournemouth|0|2|3
1991-04-20|Cambridge U|Stoke|3|0|3
1991-04-20|Bradford|Mansfield|1|0|3
1991-04-19|Halifax|York|2|1|4
1991-04-19|Stockport|Aldershot|3|2|4
1991-04-19|Southend|Wigan|0|2|3
1991-04-18|Shrewsbury|Cambridge U|1|2|3
1991-04-17|Lincoln|Scunthorpe|1|2|4
1991-04-17|Blackpool|Cardiff|3|0|4
1991-04-17|Hereford|Chesterfield|2|3|4
1991-04-17|QPR|Leeds|2|0|1
1991-04-17|Norwich|Chelsea|1|3|1
1991-04-17|C Palace|Tottenham|1|0|1
1991-04-17|Arsenal|Man City|2|2|1
1991-04-17|Newcastle|Sheff Wed|1|0|2
1991-04-17|Ipswich|West Ham|0|1|2
1991-04-17|Oxford|Plymouth|0|0|2
1991-04-16|Wrexham|Stockport|1|3|4
1991-04-16|Northampton|Torquay|1|4|4
1991-04-16|Aldershot|Burnley|1|2|4
1991-04-16|Rochdale|York|2|1|4
1991-04-16|Halifax|Maidstone|3|2|4
1991-04-16|Hartlepool|Doncaster|1|1|4
1991-04-16|Peterborough|Gillingham|2|0|4
1991-04-16|Man Utd|Derby|3|1|1
1991-04-16|Portsmouth|Brighton|1|0|2
1991-04-16|Charlton|Oldham|1|1|2
1991-04-16|Hull|Millwall|1|1|2
1991-04-16|Wolves|Swindon|1|2|2
1991-04-16|Notts Co|Watford|1|0|2
1991-04-16|Birmingham|Stoke|2|1|3
1991-04-16|Bournemouth|Cambridge U|0|1|3
1991-04-16|Brentford|Fulham|1|2|3
1991-04-16|Crewe|Bolton|1|3|3
1991-04-16|Mansfield|Leyton Orient|3|3|3
1991-04-16|Swansea|Preston|3|1|3
1991-04-16|Wigan|Chester|2|0|3
1991-04-15|Port Vale|Barnsley|0|1|2
1991-04-13|Torquay|Hereford|1|1|4
1991-04-13|Doncaster|Northampton|2|1|4
1991-04-13|Wrexham|Lincoln|2|2|4
1991-04-13|Blackpool|York|1|0|4
1991-04-13|Gillingham|Stockport|1|3|4
1991-04-13|Aldershot|Carlisle|3|0|4
1991-04-13|Rochdale|Peterborough|0|3|4
1991-04-13|Chesterfield|Maidstone|1|2|4
1991-04-13|Hartlepool|Halifax|2|1|4
1991-04-13|Scarborough|Walsall|1|0|4
1991-04-13|Scunthorpe|Burnley|1|3|4
1991-04-13|Cardiff|Darlington (old)|0|1|4
1991-04-13|QPR|Sheff Utd|1|2|1
1991-04-13|Luton|Wimbledon|0|1|1
1991-04-13|Coventry|Derby|3|0|1
1991-04-13|C Palace|Aston Villa|0|0|1
1991-04-13|Southampton|Sunderland|3|1|1
1991-04-13|Everton|Chelsea|2|2|1
1991-04-13|Leeds|Liverpool|4|5|1
1991-04-13|Sheff Wed|Middlesbro|2|0|2
1991-04-13|Hull|Portsmouth|0|2|2
1991-04-13|Newcastle|Oldham|3|2|2
1991-04-13|Blackburn|Charlton|2|2|2
1991-04-13|Ipswich|Oxford|1|1|2
1991-04-13|Bristol C|Barnsley|1|0|2
1991-04-13|Brighton|Notts Co|0|0|2
1991-04-13|Millwall|Port Vale|1|2|2
1991-04-13|Watford|Wolves|3|1|2
1991-04-13|West Brom|Leicester|2|1|2
1991-04-13|Plymouth|Swindon|3|3|2
1991-04-13|Shrewsbury|Brentford|1|1|3
1991-04-13|Fulham|Grimsby|0|0|3
1991-04-13|Birmingham|Mansfield|0|0|3
1991-04-13|Reading|Chester|2|2|3
1991-04-13|Bournemouth|Bolton|1|0|3
1991-04-13|Rotherham|Swansea|2|3|3
1991-04-13|Bury|Bradford|0|0|3
1991-04-13|Crewe|Exeter|1|1|3
1991-04-13|Stoke|Leyton Orient|1|2|3
1991-04-13|Wigan|Huddersfield|1|1|3
1991-04-13|Cambridge U|Preston|1|1|3
1991-04-12|Southend|Tranmere|1|0|3
1991-04-10|Torquay|Cardiff|2|1|4
1991-04-10|QPR|Aston Villa|2|1|1
1991-04-10|Nottm Forest|Derby|1|0|1
1991-04-10|Norwich|Tottenham|2|1|1
1991-04-10|Everton|Wimbledon|1|2|1
1991-04-10|Leeds|Man City|1|2|1
1991-04-10|Sheff Wed|Blackburn|3|1|2
1991-04-10|Newcastle|Oxford|2|2|2
1991-04-10|Brighton|West Ham|1|0|2
1991-04-10|Bristol R|Ipswich|1|0|2
1991-04-10|Millwall|Charlton|3|1|2
1991-04-10|West Brom|Hull|1|1|2
1991-04-10|Leicester|Oldham|0|0|2
1991-04-09|Wrexham|Maidstone|2|2|4
1991-04-09|Hartlepool|Scunthorpe|2|0|4
1991-04-09|Stockport|Northampton|2|0|4
1991-04-09|Darlington (old)|Lincoln|1|1|4
1991-04-09|Liverpool|Coventry|1|1|1
1991-04-09|Southampton|Arsenal|1|1|1
1991-04-09|Middlesbro|Port Vale|4|0|2
1991-04-09|Barnsley|Notts Co|1|0|2
1991-04-09|Plymouth|Wolves|1|0|2
1991-04-09|Leyton Orient|Southend|0|1|3
1991-04-09|Fulham|Shrewsbury|4|0|3
1991-04-09|Rotherham|Crewe|1|1|3
1991-04-09|Bury|Grimsby|3|2|3
1991-04-09|Cambridge U|Reading|3|0|3
1991-04-08|Torquay|Aldershot|5|0|4
1991-04-07|Bolton|Birmingham|3|1|3
1991-04-06|Lincoln|Blackpool|0|1|4
1991-04-06|Northampton|Gillingham|2|1|4
1991-04-06|York|Wrexham|0|0|4
1991-04-06|Maidstone|Rochdale|0|1|4
1991-04-06|Carlisle|Scunthorpe|0|3|4
1991-04-06|Halifax|Cardiff|1|2|4
1991-04-06|Stockport|Chesterfield|3|1|4
1991-04-06|Walsall|Hartlepool|0|1|4
1991-04-06|Burnley|Torquay|1|1|4
1991-04-06|Hereford|Doncaster|1|1|4
1991-04-06|Peterborough|Aldershot|3|2|4
1991-04-06|Darlington (old)|Scarborough|2|1|4
1991-04-06|Chelsea|Luton|3|3|1
1991-04-06|Sheff Utd|Arsenal|0|2|1
1991-04-06|Tottenham|Southampton|2|0|1
1991-04-06|Norwich|Coventry|2|2|1
1991-04-06|Wimbledon|Leeds|0|1|1
1991-04-06|Aston Villa|Man Utd|1|1|1
1991-04-06|Man City|Nottm Forest|3|1|1
1991-04-06|Sunderland|QPR|0|1|1
1991-04-06|Portsmouth|Sheff Wed|2|0|2
1991-04-06|Charlton|Ipswich|1|1|2
1991-04-06|Wolves|West Brom|2|2|2
1991-04-06|Port Vale|West Ham|0|1|2
1991-04-06|Notts Co|Newcastle|3|0|2
1991-04-06|Bristol R|Plymouth|0|0|2
1991-04-06|Oldham|Millwall|1|1|2
1991-04-06|Middlesbro|Bristol C|2|1|2
1991-04-06|Oxford|Blackburn|0|0|2
1991-04-06|Barnsley|Hull|3|1|2
1991-04-06|Swindon|Watford|1|2|2
1991-04-06|Leicester|Brighton|3|0|2
1991-04-06|Leyton Orient|Bournemouth|2|0|3
1991-04-06|Preston|Bury|1|1|3
1991-04-06|Huddersfield|Stoke|3|0|3
1991-04-06|Brentford|Crewe|1|0|3
1991-04-06|Grimsby|Cambridge U|1|0|3
1991-04-06|Chester|Fulham|1|0|3
1991-04-06|Mansfield|Reading|2|0|3
1991-04-06|Swansea|Wigan|1|6|3
1991-04-06|Bradford|Southend|2|1|3
1991-04-05|Tranmere|Rotherham|1|2|3
1991-04-03|Scarborough|Peterborough|3|1|4
1991-04-03|Arsenal|Aston Villa|5|0|1
1991-04-03|Brighton|Port Vale|1|2|2
1991-04-03|Millwall|Wolves|2|1|2
1991-04-02|Torquay|Maidstone|1|1|4
1991-04-02|Blackpool|Carlisle|6|0|4
1991-04-02|Man Utd|Wimbledon|2|1|1
1991-04-02|Leeds|Sunderland|5|0|1
1991-04-02|Ipswich|Portsmouth|2|2|2
1991-04-02|Shrewsbury|Bradford|1|0|3
1991-04-02|Birmingham|Tranmere|1|0|3
1991-04-02|Southend|Chester|1|1|3
1991-04-02|Bournemouth|Grimsby|2|1|3
1991-04-02|Cambridge U|Bolton|2|1|3
1991-04-01|Doncaster|Stockport|1|0|4
1991-04-01|Wrexham|Walsall|1|1|4
1991-04-01|Gillingham|Lincoln|2|2|4
1991-04-01|Aldershot|York|0|1|4
1991-04-01|Rochdale|Halifax|1|1|4
1991-04-01|Chesterfield|Darlington (old)|2|2|4
1991-04-01|Hartlepool|Burnley|0|0|4
1991-04-01|Scunthorpe|Hereford|3|0|4
1991-04-01|Cardiff|Northampton|1|0|4
1991-04-01|QPR|Derby|1|1|1
1991-04-01|Nottm Forest|Sheff Utd|2|0|1
1991-04-01|Luton|Tottenham|0|0|1
1991-04-01|Coventry|Chelsea|1|0|1
1991-04-01|C Palace|Man City|1|3|1
1991-04-01|Southampton|Liverpool|1|0|1
1991-04-01|Everton|Norwich|1|0|1
1991-04-01|Sheff Wed|Oxford|0|2|2
1991-04-01|Hull|Charlton|2|2|2
1991-04-01|Newcastle|Bristol R|0|2|2
1991-04-01|Blackburn|Middlesbro|1|0|2
1991-04-01|Bristol C|Notts Co|3|2|2
1991-04-01|Watford|Leicester|1|0|2
1991-04-01|West Brom|Swindon|2|1|2
1991-04-01|West Ham|Barnsley|3|2|2
1991-04-01|Plymouth|Oldham|1|2|2
1991-04-01|Fulham|Mansfield|1|0|3
1991-04-01|Reading|Swansea|0|0|3
1991-04-01|Rotherham|Exeter|2|4|3
1991-04-01|Bury|Huddersfield|2|1|3
1991-04-01|Crewe|Leyton Orient|3|3|3
1991-04-01|Stoke|Preston|0|1|3
1991-04-01|Wigan|Brentford|1|0|3
1991-03-30|Lincoln|Torquay|3|2|4
1991-03-30|Northampton|Scunthorpe|2|1|4
1991-03-30|York|Rochdale|0|2|4
1991-03-30|Maidstone|Doncaster|0|1|4
1991-03-30|Carlisle|Cardiff|3|2|4
1991-03-30|Halifax|Scarborough|1|2|4
1991-03-30|Walsall|Gillingham|0|0|4
1991-03-30|Burnley|Chesterfield|0|1|4
1991-03-30|Hereford|Wrexham|1|0|4
1991-03-30|Peterborough|Blackpool|2|0|4
1991-03-30|Darlington (old)|Aldershot|3|1|4
1991-03-30|Chelsea|Leeds|1|2|1
1991-03-30|Sheff Utd|Luton|2|1|1
1991-03-30|Liverpool|QPR|1|3|1
1991-03-30|Tottenham|Coventry|2|2|1
1991-03-30|Norwich|Man Utd|0|3|1
1991-03-30|Wimbledon|Nottm Forest|3|1|1
1991-03-30|Aston Villa|Everton|2|2|1
1991-03-30|Man City|Southampton|3|3|1
1991-03-30|Sunderland|C Palace|2|1|1
1991-03-30|Derby|Arsenal|0|2|1
1991-03-30|Portsmouth|Bristol C|4|1|2
1991-03-30|Charlton|West Brom|2|0|2
1991-03-30|Wolves|Sheff Wed|3|2|2
1991-03-30|Port Vale|Watford|0|0|2
1991-03-30|Notts Co|Blackburn|4|1|2
1991-03-30|Bristol R|Brighton|1|3|2
1991-03-30|Middlesbro|Ipswich|1|1|2
1991-03-30|Oxford|Hull|1|0|2
1991-03-30|Barnsley|Plymouth|1|0|2
1991-03-30|Swindon|Newcastle|3|2|2
1991-03-30|Leicester|Millwall|1|2|2
1991-03-30|Leyton Orient|Bury|1|0|3
1991-03-30|Preston|Crewe|5|1|3
1991-03-30|Huddersfield|Shrewsbury|2|1|3
1991-03-30|Bolton|Southend|1|0|3
1991-03-30|Brentford|Birmingham|2|2|3
1991-03-30|Grimsby|Reading|3|0|3
1991-03-30|Chester|Rotherham|1|2|3
1991-03-30|Exeter|Wigan|1|0|3
1991-03-30|Mansfield|Bournemouth|1|1|3
1991-03-30|Swansea|Stoke|2|1|3
1991-03-30|Bradford|Fulham|0|0|3
1991-03-29|Stockport|Hartlepool|1|3|4
1991-03-29|Oldham|West Ham|1|1|2
1991-03-29|Tranmere|Cambridge U|2|0|3
1991-03-26|Lincoln|York|2|1|4
1991-03-26|Torquay|Northampton|0|0|4
1991-03-26|Halifax|Wrexham|2|0|4
1991-03-26|Hartlepool|Walsall|2|1|4
1991-03-26|Stockport|Rochdale|3|0|4
1991-03-26|Scarborough|Burnley|0|1|4
1991-03-26|Preston|Swansea|2|0|3
1991-03-26|Shrewsbury|Tranmere|0|1|3
1991-03-26|Reading|Huddersfield|1|2|3
1991-03-26|Stoke|Mansfield|3|1|3
1991-03-26|Exeter|Bolton|2|1|3
1991-03-26|Wigan|Rotherham|2|0|3
1991-03-26|Bradford|Crewe|2|0|3
1991-03-25|Chester|Cambridge U|0|2|3
1991-03-24|Doncaster|Scarborough|0|2|4
1991-03-23|Blackpool|Torquay|1|0|4
1991-03-23|Northampton|Chesterfield|2|0|4
1991-03-23|Aldershot|Lincoln|0|3|4
1991-03-23|York|Burnley|2|0|4
1991-03-23|Maidstone|Hartlepool|1|4|4
1991-03-23|Rochdale|Gillingham|1|3|4
1991-03-23|Carlisle|Walsall|0|3|4
1991-03-23|Hereford|Darlington (old)|1|1|4
1991-03-23|Peterborough|Stockport|0|0|4
1991-03-23|Scunthorpe|Halifax|4|4|4
1991-03-23|Chelsea|Southampton|0|2|1
1991-03-23|Tottenham|QPR|0|0|1
1991-03-23|Norwich|Arsenal|0|0|1
1991-03-23|Coventry|Man City|3|1|1
1991-03-23|Wimbledon|Sheff Utd|1|1|1
1991-03-23|Everton|Nottm Forest|0|0|1
1991-03-23|Man Utd|Luton|4|1|1
1991-03-23|Sunderland|Aston Villa|1|3|1
1991-03-23|Derby|Liverpool|1|7|1
1991-03-23|Leeds|C Palace|1|2|1
1991-03-23|Portsmouth|Newcastle|0|1|2
1991-03-23|Charlton|Port Vale|0|1|2
1991-03-23|Sheff Wed|Bristol R|2|1|2
1991-03-23|Hull|West Ham|0|0|2
1991-03-23|Blackburn|Oldham|2|0|2
1991-03-23|Notts Co|Leicester|0|2|2
1991-03-23|Bristol C|Wolves|1|1|2
1991-03-23|Middlesbro|Watford|1|2|2
1991-03-23|Oxford|Barnsley|2|0|2
1991-03-23|West Brom|Millwall|0|1|2
1991-03-23|Swindon|Brighton|1|3|2
1991-03-23|Leyton Orient|Huddersfield|1|0|3
1991-03-23|Birmingham|Reading|1|1|3
1991-03-23|Bournemouth|Southend|3|1|3
1991-03-23|Brentford|Bradford|6|1|3
1991-03-23|Rotherham|Fulham|3|1|3
1991-03-23|Bury|Cambridge U|3|1|3
1991-03-23|Chester|Tranmere|0|2|3
1991-03-23|Stoke|Bolton|2|2|3
1991-03-23|Exeter|Preston|4|0|3
1991-03-23|Mansfield|Shrewsbury|2|1|3
1991-03-23|Swansea|Grimsby|0|0|3
1991-03-23|Wigan|Crewe|1|0|3
1991-03-22|Wrexham|Cardiff|1|0|4
1991-03-22|Ipswich|Plymouth|3|1|2
1991-03-20|Lincoln|Peterborough|0|2|4
1991-03-20|Walsall|Maidstone|0|0|4
1991-03-20|Arsenal|Nottm Forest|1|1|1
1991-03-20|Brighton|West Brom|2|0|2
1991-03-20|Bristol R|Swindon|2|1|2
1991-03-20|Oldham|Hull|1|2|2
1991-03-20|Millwall|Middlesbro|2|2|2
1991-03-20|West Ham|Bristol C|1|0|2
1991-03-20|Leicester|Charlton|1|2|2
1991-03-20|Grimsby|Chester|2|0|3
1991-03-20|Bradford|Exeter|3|0|3
1991-03-19|Gillingham|Scunthorpe|1|1|4
1991-03-19|Chesterfield|Rochdale|1|1|4
1991-03-19|Halifax|Carlisle|1|1|4
1991-03-19|Burnley|Hereford|2|1|4
1991-03-19|Darlington (old)|Blackpool|1|1|4
1991-03-19|Cardiff|York|2|1|4
1991-03-19|Wolves|Notts Co|0|2|2
1991-03-19|Watford|Blackburn|0|3|2
1991-03-19|Barnsley|Portsmouth|4|0|2
1991-03-19|Plymouth|Sheff Wed|1|1|2
1991-03-19|Preston|Mansfield|3|1|3
1991-03-19|Shrewsbury|Leyton Orient|3|0|3
1991-03-19|Huddersfield|Rotherham|4|0|3
1991-03-19|Fulham|Stoke|0|1|3
1991-03-19|Bolton|Bury|1|3|3
1991-03-19|Crewe|Swansea|3|0|3
1991-03-19|Cambridge U|Brentford|0|0|3
1991-03-18|Port Vale|Ipswich|1|2|2
1991-03-18|Tranmere|Bournemouth|1|0|3
1991-03-18|Southend|Birmingham|2|1|3
1991-03-17|Arsenal|Leeds|2|0|1
1991-03-16|Lincoln|Maidstone|2|1|4
1991-03-16|Gillingham|York|0|0|4
1991-03-16|Chesterfield|Wrexham|2|1|4
1991-03-16|Hartlepool|Blackpool|1|2|4
1991-03-16|Stockport|Hereford|4|2|4
1991-03-16|Walsall|Rochdale|0|1|4
1991-03-16|Burnley|Carlisle|2|1|4
1991-03-16|Scarborough|Aldershot|2|0|4
1991-03-16|Darlington (old)|Doncaster|1|1|4
1991-03-16|Cardiff|Scunthorpe|1|0|4
1991-03-16|Sheff Utd|Chelsea|1|0|1
1991-03-16|Liverpool|Sunderland|2|1|1
1991-03-16|QPR|Coventry|1|0|1
1991-03-16|Nottm Forest|Man Utd|1|1|1
1991-03-16|Luton|Norwich|0|1|1
1991-03-16|C Palace|Derby|2|1|1
1991-03-16|Aston Villa|Tottenham|3|2|1
1991-03-16|Southampton|Everton|3|4|1
1991-03-16|Man City|Wimbledon|1|1|1
1991-03-16|Newcastle|Bristol C|0|0|2
1991-03-16|Wolves|Oxford|3|3|2
1991-03-16|Port Vale|Hull|0|0|2
1991-03-16|Brighton|Blackburn|1|0|2
1991-03-16|Bristol R|Notts Co|1|1|2
1991-03-16|Oldham|West Brom|2|1|2
1991-03-16|Millwall|Swindon|1|0|2
1991-03-16|Watford|Ipswich|1|1|2
1991-03-16|Barnsley|Charlton|1|1|2
1991-03-16|West Ham|Sheff Wed|1|3|2
1991-03-16|Plymouth|Portsmouth|1|1|2
1991-03-16|Leicester|Middlesbro|4|3|2
1991-03-16|Preston|Birmingham|2|0|3
1991-03-16|Shrewsbury|Stoke|2|0|3
1991-03-16|Huddersfield|Chester|1|1|3
1991-03-16|Fulham|Bournemouth|1|1|3
1991-03-16|Reading|Rotherham|2|0|3
1991-03-16|Bolton|Wigan|2|1|3
1991-03-16|Grimsby|Brentford|2|0|3
1991-03-16|Crewe|Bury|2|2|3
1991-03-16|Cambridge U|Exeter|1|0|3
1991-03-16|Bradford|Leyton Orient|4|0|3
1991-03-15|Torquay|Peterborough|0|0|4
1991-03-15|Halifax|Northampton|2|1|4
1991-03-15|Tranmere|Swansea|2|1|3
1991-03-15|Southend|Mansfield|2|1|3
1991-03-13|Maidstone|Stockport|2|3|4
1991-03-13|Hereford|Lincoln|0|1|4
1991-03-13|Coventry|Luton|2|1|1
1991-03-13|Southampton|Man Utd|1|1|1
1991-03-13|Sheff Wed|Brighton|1|1|2
1991-03-13|Oxford|West Ham|2|1|2
1991-03-13|West Brom|Plymouth|1|2|2
1991-03-13|Stoke|Crewe|1|0|3
1991-03-13|Exeter|Huddersfield|2|2|3
1991-03-12|Wrexham|Halifax|1|2|4
1991-03-12|Blackpool|Scarborough|3|1|4
1991-03-12|Northampton|Burnley|0|0|4
1991-03-12|Aldershot|Hartlepool|1|5|4
1991-03-12|York|Chesterfield|0|2|4
1991-03-12|Rochdale|Cardiff|0|0|4
1991-03-12|Carlisle|Gillingham|0|4|4
1991-03-12|Peterborough|Darlington (old)|2|2|4
1991-03-12|Scunthorpe|Walsall|1|0|4
1991-03-12|Portsmouth|Millwall|0|0|2
1991-03-12|Charlton|Wolves|1|0|2
1991-03-12|Hull|Watford|1|1|2
1991-03-12|Blackburn|Bristol R|2|2|2
1991-03-12|Notts Co|Port Vale|1|1|2
1991-03-12|Bristol C|Leicester|1|0|2
1991-03-12|Middlesbro|Newcastle|3|0|2
1991-03-12|Swindon|Oldham|2|2|2
1991-03-12|Leyton Orient|Cambridge U|0|3|3
1991-03-12|Birmingham|Fulham|2|0|3
1991-03-12|Bournemouth|Reading|2|0|3
1991-03-12|Brentford|Preston|2|0|3
1991-03-12|Rotherham|Grimsby|1|4|3
1991-03-12|Bury|Shrewsbury|2|1|3
1991-03-12|Chester|Bradford|4|2|3
1991-03-12|Mansfield|Bolton|4|0|3
1991-03-12|Swansea|Southend|1|4|3
1991-03-12|Wigan|Tranmere|0|1|3
1991-03-09|Lincoln|Hartlepool|3|1|4
1991-03-09|Torquay|Darlington (old)|2|1|4
1991-03-09|Wrexham|Rochdale|2|1|4
1991-03-09|Northampton|Carlisle|1|1|4
1991-03-09|York|Peterborough|0|4|4
1991-03-09|Maidstone|Blackpool|1|1|4
1991-03-09|Chesterfield|Halifax|2|1|4
1991-03-09|Walsall|Cardiff|0|0|4
1991-03-09|Burnley|Gillingham|2|2|4
1991-03-09|Hereford|Aldershot|1|0|4
1991-03-09|Chelsea|Man Utd|3|2|1
1991-03-09|C Palace|Southampton|2|1|1
1991-03-09|Aston Villa|Luton|1|2|1
1991-03-09|Man City|Liverpool|0|3|1
1991-03-09|Sunderland|Sheff Utd|0|1|1
1991-03-09|Leeds|Coventry|2|0|1
1991-03-09|Portsmouth|Charlton|0|1|2
1991-03-09|Sheff Wed|West Brom|1|0|2
1991-03-09|Wolves|Barnsley|0|5|2
1991-03-09|Port Vale|Blackburn|3|0|2
1991-03-09|Bristol C|Ipswich|4|2|2
1991-03-09|Oldham|Bristol R|2|0|2
1991-03-09|Middlesbro|Oxford|0|0|2
1991-03-09|Millwall|Brighton|3|0|2
1991-03-09|Watford|Newcastle|1|2|2
1991-03-09|Leicester|Hull|0|1|2
1991-03-09|Preston|Leyton Orient|2|1|3
1991-03-09|Huddersfield|Crewe|3|1|3
1991-03-09|Reading|Tranmere|1|0|3
1991-03-09|Bolton|Fulham|3|0|3
1991-03-09|Brentford|Stoke|0|4|3
1991-03-09|Grimsby|Southend|1|0|3
1991-03-09|Rotherham|Birmingham|1|1|3
1991-03-09|Chester|Mansfield|1|0|3
1991-03-09|Exeter|Bury|2|0|3
1991-03-09|Swansea|Bournemouth|1|2|3
1991-03-09|Wigan|Shrewsbury|2|2|3
1991-03-08|Doncaster|Scunthorpe|2|3|4
1991-03-08|Stockport|Scarborough|2|2|4
1991-03-05|Torquay|Lincoln|0|1|4
1991-03-05|Aldershot|Wrexham|3|2|4
1991-03-05|Chesterfield|Burnley|2|1|4
1991-03-05|Darlington (old)|Walsall|1|0|4
1991-03-05|Scunthorpe|Northampton|3|0|4
1991-03-05|Man City|Luton|3|0|1
1991-03-05|Wolves|Leicester|2|1|2
1991-03-05|Bristol C|Bristol R|1|0|2
1991-03-05|Swindon|Oxford|0|0|2
1991-03-05|West Ham|Plymouth|2|2|2
1991-03-05|Bournemouth|Wigan|0|3|3
1991-03-05|Rotherham|Bury|0|3|3
1991-03-05|Chester|Reading|1|0|3
1991-03-05|Mansfield|Stoke|0|0|3
1991-03-03|Liverpool|Arsenal|0|1|1
1991-03-03|Leyton Orient|Brentford|1|2|3
1991-03-03|Bradford|Huddersfield|2|2|3
1991-03-02|Blackpool|Hereford|3|0|4
1991-03-02|Gillingham|Chesterfield|0|1|4
1991-03-02|Aldershot|Doncaster|1|1|4
1991-03-02|Rochdale|Northampton|1|1|4
1991-03-02|Carlisle|Wrexham|2|0|4
1991-03-02|Halifax|Walsall|5|2|4
1991-03-02|Hartlepool|Torquay|0|0|4
1991-03-02|Peterborough|Maidstone|2|0|4
1991-03-02|Scarborough|Lincoln|3|0|4
1991-03-02|Darlington (old)|Stockport|1|0|4
1991-03-02|Scunthorpe|York|2|1|4
1991-03-02|Sheff Utd|Aston Villa|2|1|1
1991-03-02|Tottenham|Chelsea|1|1|1
1991-03-02|QPR|Man City|1|0|1
1991-03-02|Luton|Nottm Forest|1|0|1
1991-03-02|Coventry|C Palace|3|1|1
1991-03-02|Wimbledon|Norwich|0|0|1
1991-03-02|Southampton|Leeds|2|0|1
1991-03-02|Man Utd|Everton|0|2|1
1991-03-02|Derby|Sunderland|3|3|1
1991-03-02|Charlton|Bristol C|2|1|2
1991-03-02|Hull|Middlesbro|0|0|2
1991-03-02|Newcastle|Leicester|2|1|2
1991-03-02|Blackburn|Swindon|2|1|2
1991-03-02|Notts Co|Sheff Wed|0|2|2
1991-03-02|Ipswich|Wolves|0|0|2
1991-03-02|Brighton|Oldham|1|2|2
1991-03-02|Bristol R|Millwall|1|0|2
1991-03-02|Oxford|Portsmouth|1|0|2
1991-03-02|West Brom|West Ham|0|0|2
1991-03-02|Barnsley|Watford|2|1|2
1991-03-02|Plymouth|Port Vale|2|0|2
1991-03-02|Shrewsbury|Preston|0|1|3
1991-03-02|Fulham|Reading|1|1|3
1991-03-02|Birmingham|Swansea|2|0|3
1991-03-02|Bournemouth|Chester|1|0|3
1991-03-02|Bury|Wigan|2|2|3
1991-03-02|Stoke|Exeter|2|1|3
1991-03-02|Mansfield|Grimsby|1|1|3
1991-03-01|Cardiff|Burnley|3|0|4
1991-03-01|Tranmere|Bolton|1|1|3
1991-03-01|Southend|Rotherham|2|1|3
1991-03-01|Crewe|Cambridge U|3|1|3
1991-02-27|Maidstone|Halifax|5|1|4
1991-02-27|Newcastle|Brighton|0|0|2
1991-02-27|Oxford|Millwall|0|0|2
1991-02-27|Stoke|Bournemouth|1|3|3
1991-02-26|Doncaster|Burnley|2|1|4
1991-02-26|Gillingham|Peterborough|2|3|4
1991-02-26|York|Lincoln|1|0|4
1991-02-26|Carlisle|Darlington (old)|0|2|4
1991-02-26|Stockport|Cardiff|1|1|4
1991-02-26|Scunthorpe|Hartlepool|2|1|4
1991-02-26|Sheff Utd|Man Utd|2|1|1
1991-02-26|Wolves|Port Vale|3|1|2
1991-02-26|Middlesbro|Portsmouth|1|2|2
1991-02-26|Barnsley|Bristol R|1|0|2
1991-02-26|Huddersfield|Tranmere|2|1|3
1991-02-26|Chester|Wigan|1|2|3
1991-02-26|Swansea|Exeter|0|3|3
1991-02-24|West Ham|Millwall|3|1|2
1991-02-23|Lincoln|Stockport|0|3|4
1991-02-23|Wrexham|Northampton|0|2|4
1991-02-23|Aldershot|Blackpool|1|4|4
1991-02-23|York|Carlisle|2|0|4
1991-02-23|Rochdale|Scunthorpe|2|1|4
1991-02-23|Chesterfield|Cardiff|0|0|4
1991-02-23|Hartlepool|Darlington (old)|0|0|4
1991-02-23|Burnley|Walsall|2|0|4
1991-02-23|Hereford|Maidstone|4|0|4
1991-02-23|QPR|Southampton|2|1|1
1991-02-23|Nottm Forest|Aston Villa|2|2|1
1991-02-23|Luton|Liverpool|3|1|1
1991-02-23|Coventry|Sunderland|0|0|1
1991-02-23|Wimbledon|Tottenham|5|1|1
1991-02-23|Arsenal|C Palace|4|0|1
1991-02-23|Everton|Sheff Utd|1|2|1
1991-02-23|Derby|Norwich|0|0|1
1991-02-23|Portsmouth|Swindon|2|1|2
1991-02-23|Charlton|Middlesbro|0|1|2
1991-02-23|Newcastle|Wolves|0|0|2
1991-02-23|Port Vale|Bristol R|3|2|2
1991-02-23|Ipswich|Hull|2|0|2
1991-02-23|Bristol C|Oxford|3|1|2
1991-02-23|Watford|Oldham|1|1|2
1991-02-23|West Brom|Notts Co|2|2|2
1991-02-23|Plymouth|Brighton|2|0|2
1991-02-23|Leicester|Barnsley|2|1|2
1991-02-23|Preston|Bradford|0|3|3
1991-02-23|Fulham|Southend|0|3|3
1991-02-23|Birmingham|Chester|1|0|3
1991-02-23|Reading|Bolton|0|1|3
1991-02-23|Grimsby|Tranmere|0|1|3
1991-02-23|Rotherham|Bournemouth|1|1|3
1991-02-23|Bury|Brentford|1|1|3
1991-02-23|Exeter|Leyton Orient|2|0|3
1991-02-23|Swansea|Mansfield|1|2|3
1991-02-23|Wigan|Stoke|4|0|3
1991-02-23|Cambridge U|Huddersfield|0|0|3
1991-02-22|Doncaster|Peterborough|0|2|4
1991-02-22|Gillingham|Halifax|1|0|4
1991-02-22|Crewe|Shrewsbury|1|2|3
1991-02-20|Brighton|Leicester|3|0|2
1991-02-19|Aldershot|Darlington (old)|0|2|4
1991-02-19|Walsall|Lincoln|0|0|4
1991-02-19|Scarborough|Cardiff|1|2|4
1991-02-19|Middlesbro|West Brom|3|2|2
1991-02-19|Swindon|Sheff Wed|2|1|2
1991-02-19|Shrewsbury|Huddersfield|0|0|3
1991-02-19|Southend|Reading|1|2|3
1991-02-19|Bury|Leyton Orient|1|0|3
1991-02-16|Blackpool|Doncaster|2|0|4
1991-02-16|Carlisle|Rochdale|1|1|4
1991-02-16|Halifax|Burnley|1|2|4
1991-02-16|Walsall|Chesterfield|3|0|4
1991-02-16|Scarborough|Hartlepool|2|0|4
1991-02-16|Chelsea|Wimbledon|0|0|1
1991-02-16|C Palace|QPR|0|0|1
1991-02-16|Sunderland|Nottm Forest|1|0|1
1991-02-16|Hull|Bristol C|1|2|2
1991-02-16|Blackburn|West Brom|0|3|2
1991-02-16|Bristol R|Watford|3|1|2
1991-02-16|Oldham|Port Vale|2|0|2
1991-02-16|Millwall|Plymouth|4|1|2
1991-02-16|Oxford|Charlton|1|1|2
1991-02-16|Huddersfield|Preston|1|0|3
1991-02-16|Tranmere|Fulham|1|1|3
1991-02-16|Bolton|Grimsby|0|0|3
1991-02-16|Bournemouth|Birmingham|1|2|3
1991-02-16|Brentford|Exeter|1|0|3
1991-02-16|Stoke|Bury|2|2|3
1991-02-15|Northampton|York|2|1|4
1991-02-15|Cardiff|Gillingham|2|0|4
1991-02-13|Bolton|Exeter|1|0|3
1991-02-13|Bradford|Birmingham|2|0|3
1991-02-09|Liverpool|Everton|3|1|1
1991-02-09|Man City|Chelsea|2|1|1
1991-02-09|Blackburn|Portsmouth|1|1|2
1991-02-09|Bolton|Huddersfield|1|1|3
1991-02-06|Hereford|Walsall|0|0|4
1991-02-06|Scarborough|Rochdale|0|0|4
1991-02-05|Torquay|Halifax|3|1|4
1991-02-05|Doncaster|York|2|2|4
1991-02-05|Blackpool|Chesterfield|3|0|4
1991-02-05|Hartlepool|Carlisle|4|1|4
1991-02-05|Peterborough|Northampton|1|0|4
1991-02-05|Darlington (old)|Wrexham|1|0|4
1991-02-05|Fulham|Preston|1|0|3
1991-02-05|Birmingham|Wigan|0|0|3
1991-02-05|Southend|Stoke|1|0|3
1991-02-05|Bolton|Brentford|1|0|3
1991-02-05|Bournemouth|Exeter|2|1|3
1991-02-05|Grimsby|Shrewsbury|1|0|3
1991-02-05|Rotherham|Leyton Orient|0|0|3
1991-02-05|Mansfield|Bury|0|1|3
1991-02-04|Tranmere|Crewe|2|0|3
1991-02-03|Man Utd|Liverpool|1|1|1
1991-02-02|Gillingham|Hereford|2|1|4
1991-02-02|York|Darlington (old)|0|1|4
1991-02-02|Carlisle|Stockport|1|0|4
1991-02-02|Chesterfield|Lincoln|1|1|4
1991-02-02|Walsall|Doncaster|1|0|4
1991-02-02|Scunthorpe|Torquay|3|0|4
1991-02-02|Chelsea|Arsenal|2|1|1
1991-02-02|Sheff Utd|Southampton|4|1|1
1991-02-02|Tottenham|Leeds|0|0|1
1991-02-02|Nottm Forest|C Palace|0|1|1
1991-02-02|Norwich|Man City|1|2|1
1991-02-02|Luton|QPR|1|2|1
1991-02-02|Wimbledon|Coventry|1|0|1
1991-02-02|Aston Villa|Derby|3|2|1
1991-02-02|Everton|Sunderland|2|0|1
1991-02-02|Portsmouth|Notts Co|2|1|2
1991-02-02|Charlton|Brighton|1|2|2
1991-02-02|Hull|Bristol R|2|0|2
1991-02-02|Newcastle|Port Vale|2|0|2
1991-02-02|Wolves|West Ham|2|1|2
1991-02-02|Ipswich|Millwall|0|3|2
1991-02-02|Bristol C|West Brom|2|0|2
1991-02-02|Middlesbro|Swindon|2|0|2
1991-02-02|Oxford|Oldham|5|1|2
1991-02-02|Watford|Sheff Wed|2|2|2
1991-02-02|Leicester|Plymouth|3|1|2
1991-02-02|Leyton Orient|Tranmere|4|0|3
1991-02-02|Preston|Bolton|1|2|3
1991-02-02|Shrewsbury|Southend|0|1|3
1991-02-02|Huddersfield|Grimsby|1|1|3
1991-02-02|Brentford|Rotherham|1|2|3
1991-02-02|Bury|Swansea|1|0|3
1991-02-02|Stoke|Chester|2|3|3
1991-02-02|Exeter|Birmingham|0|2|3
1991-02-02|Wigan|Fulham|2|0|3
1991-02-02|Bradford|Bournemouth|3|0|3
1991-02-01|Northampton|Scarborough|0|2|4
1991-02-01|Halifax|Peterborough|1|1|4
1991-02-01|Cardiff|Aldershot|1|3|4
1991-02-01|Crewe|Reading|1|0|3
1991-02-01|Cambridge U|Mansfield|2|1|3
1991-01-30|Hereford|Rochdale|2|0|4
1991-01-29|Hartlepool|Stockport|3|1|4
1991-01-29|Darlington (old)|Gillingham|1|1|4
1991-01-26|Wrexham|Blackpool|0|1|4
1991-01-26|Northampton|Aldershot|2|1|4
1991-01-26|York|Hartlepool|0|0|4
1991-01-26|Carlisle|Hereford|0|1|4
1991-01-26|Chesterfield|Torquay|1|1|4
1991-01-26|Halifax|Darlington (old)|0|0|4
1991-01-26|Walsall|Peterborough|0|1|4
1991-01-26|Burnley|Stockport|3|2|4
1991-01-26|Scunthorpe|Maidstone|2|2|4
1991-01-26|Cardiff|Lincoln|0|1|4
1991-01-26|Sheff Utd|Derby|1|0|1
1991-01-26|Bristol R|Bristol C|3|2|2
1991-01-26|Leicester|Blackburn|1|3|2
1991-01-26|Leyton Orient|Chester|1|0|3
1991-01-26|Preston|Southend|2|1|3
1991-01-26|Huddersfield|Fulham|1|0|3
1991-01-26|Reading|Wigan|3|1|3
1991-01-26|Brentford|Swansea|2|0|3
1991-01-26|Bury|Birmingham|0|1|3
1991-01-26|Exeter|Mansfield|2|0|3
1991-01-26|Bradford|Grimsby|0|2|3
1991-01-25|Doncaster|Rochdale|1|0|4
1991-01-25|Gillingham|Scarborough|1|1|4
1991-01-22|Charlton|Notts Co|3|1|2
1991-01-20|Derby|Tottenham|0|1|1
1991-01-19|Lincoln|Burnley|1|0|4
1991-01-19|Torquay|Walsall|0|0|4
1991-01-19|Doncaster|Carlisle|4|0|4
1991-01-19|Blackpool|Scunthorpe|3|1|4
1991-01-19|Northampton|Hereford|3|0|4
1991-01-19|Aldershot|Rochdale|2|2|4
1991-01-19|Maidstone|York|5|4|4
1991-01-19|Hartlepool|Chesterfield|2|0|4
1991-01-19|Peterborough|Wrexham|2|2|4
1991-01-19|Liverpool|Wimbledon|1|1|1
1991-01-19|QPR|Man Utd|1|1|1
1991-01-19|Coventry|Aston Villa|2|1|1
1991-01-19|C Palace|Norwich|1|3|1
1991-01-19|Arsenal|Everton|1|0|1
1991-01-19|Southampton|Nottm Forest|1|1|1
1991-01-19|Man City|Sheff Utd|2|0|1
1991-01-19|Sunderland|Chelsea|1|0|1
1991-01-19|Leeds|Luton|2|1|1
1991-01-19|Sheff Wed|Charlton|0|0|2
1991-01-19|Port Vale|Portsmouth|3|2|2
1991-01-19|Blackburn|Ipswich|0|1|2
1991-01-19|Notts Co|Middlesbro|3|2|2
1991-01-19|Brighton|Watford|3|0|2
1991-01-19|Bristol R|Wolves|1|1|2
1991-01-19|Oldham|Barnsley|2|0|2
1991-01-19|Millwall|Newcastle|0|1|2
1991-01-19|West Brom|Oxford|2|0|2
1991-01-19|Swindon|Hull|3|1|2
1991-01-19|West Ham|Leicester|1|0|2
1991-01-19|Plymouth|Bristol C|1|0|2
1991-01-19|Fulham|Crewe|2|1|3
1991-01-19|Birmingham|Cambridge U|0|3|3
1991-01-19|Reading|Exeter|1|0|3
1991-01-19|Southend|Huddersfield|0|1|3
1991-01-19|Bolton|Shrewsbury|1|0|3
1991-01-19|Bournemouth|Brentford|2|0|3
1991-01-19|Grimsby|Preston|4|1|3
1991-01-19|Rotherham|Stoke|0|0|3
1991-01-19|Chester|Bury|1|0|3
1991-01-19|Mansfield|Wigan|1|1|3
1991-01-18|Stockport|Halifax|5|1|4
1991-01-18|Tranmere|Bradford|2|1|3
1991-01-16|Brighton|Newcastle|4|2|2
1991-01-13|Everton|Man City|2|0|1
1991-01-12|Wrexham|Doncaster|2|1|4
1991-01-12|Northampton|Maidstone|2|0|4
1991-01-12|York|Hereford|1|0|4
1991-01-12|Rochdale|Blackpool|2|1|4
1991-01-12|Carlisle|Peterborough|3|2|4
1991-01-12|Chesterfield|Scarborough|0|1|4
1991-01-12|Halifax|Lincoln|1|1|4
1991-01-12|Walsall|Stockport|0|2|4
1991-01-12|Burnley|Darlington (old)|3|1|4
1991-01-12|Scunthorpe|Aldershot|6|2|4
1991-01-12|Cardiff|Hartlepool|1|0|4
1991-01-12|Chelsea|QPR|2|0|1
1991-01-12|Sheff Utd|C Palace|0|1|1
1991-01-12|Tottenham|Arsenal|0|0|1
1991-01-12|Nottm Forest|Coventry|3|0|1
1991-01-12|Norwich|Leeds|2|0|1
1991-01-12|Luton|Southampton|3|4|1
1991-01-12|Wimbledon|Derby|3|1|1
1991-01-12|Aston Villa|Liverpool|0|0|1
1991-01-12|Man Utd|Sunderland|3|0|1
1991-01-12|Portsmouth|Oldham|1|4|2
1991-01-12|Charlton|Bristol R|2|2|2
1991-01-12|Hull|Sheff Wed|0|1|2
1991-01-12|Newcastle|Blackburn|1|0|2
1991-01-12|Wolves|Brighton|2|3|2
1991-01-12|Ipswich|West Brom|1|0|2
1991-01-12|Bristol C|Swindon|0|4|2
1991-01-12|Middlesbro|Plymouth|0|0|2
1991-01-12|Oxford|Notts Co|3|3|2
1991-01-12|Watford|West Ham|0|1|2
1991-01-12|Barnsley|Millwall|1|2|2
1991-01-12|Leicester|Port Vale|1|1|2
1991-01-12|Leyton Orient|Birmingham|1|1|3
1991-01-12|Preston|Reading|1|2|3
1991-01-12|Shrewsbury|Rotherham|0|0|3
1991-01-12|Huddersfield|Swansea|1|2|3
1991-01-12|Brentford|Mansfield|0|0|3
1991-01-12|Bury|Bournemouth|2|4|3
1991-01-12|Crewe|Southend|0|2|3
1991-01-12|Stoke|Tranmere|1|1|3
1991-01-12|Exeter|Chester|1|1|3
1991-01-12|Wigan|Grimsby|2|0|3
1991-01-12|Cambridge U|Fulham|1|0|3
1991-01-12|Bradford|Bolton|1|1|3
1991-01-11|Gillingham|Torquay|2|2|4
1991-01-05|Lincoln|Walsall|2|1|4
1991-01-05|Scarborough|York|2|2|4
1991-01-05|Darlington (old)|Carlisle|3|1|4
1991-01-05|Birmingham|Bradford|1|1|3
1991-01-05|Tranmere|Huddersfield|2|0|3
1991-01-05|Grimsby|Bury|0|1|3
1991-01-04|Stockport|Wrexham|2|0|4
1991-01-02|Peterborough|Rochdale|1|1|4
1991-01-02|Norwich|Nottm Forest|2|6|1
1991-01-01|Lincoln|Wrexham|0|0|4
1991-01-01|Northampton|Doncaster|0|0|4
1991-01-01|York|Blackpool|0|1|4
1991-01-01|Maidstone|Chesterfield|1|0|4
1991-01-01|Carlisle|Aldershot|1|2|4
1991-01-01|Halifax|Hartlepool|1|2|4
1991-01-01|Stockport|Gillingham|1|1|4
1991-01-01|Walsall|Scarborough|0|0|4
1991-01-01|Burnley|Scunthorpe|1|1|4
1991-01-01|Hereford|Torquay|0|0|4
1991-01-01|Darlington (old)|Cardiff|4|1|4
1991-01-01|Chelsea|Everton|1|2|1
1991-01-01|Sheff Utd|QPR|1|0|1
1991-01-01|Liverpool|Leeds|3|0|1
1991-01-01|Tottenham|Man Utd|1|2|1
1991-01-01|Wimbledon|Luton|2|0|1
1991-01-01|Aston Villa|C Palace|2|0|1
1991-01-01|Man City|Arsenal|0|1|1
1991-01-01|Sunderland|Southampton|1|0|1
1991-01-01|Derby|Coventry|1|1|1
1991-01-01|Portsmouth|Hull|5|1|2
1991-01-01|Charlton|Blackburn|0|0|2
1991-01-01|Wolves|Watford|0|0|2
1991-01-01|Port Vale|Millwall|0|2|2
1991-01-01|Notts Co|Brighton|2|1|2
1991-01-01|Bristol R|West Ham|0|1|2
1991-01-01|Oldham|Newcastle|1|1|2
1991-01-01|Middlesbro|Sheff Wed|0|2|2
1991-01-01|Oxford|Ipswich|2|1|2
1991-01-01|Barnsley|Bristol C|2|0|2
1991-01-01|Swindon|Plymouth|1|1|2
1991-01-01|Leicester|West Brom|2|1|2
1991-01-01|Leyton Orient|Stoke|0|2|3
1991-01-01|Preston|Cambridge U|0|2|3
1991-01-01|Huddersfield|Wigan|1|0|3
1991-01-01|Tranmere|Southend|3|1|3
1991-01-01|Bolton|Bournemouth|4|1|3
1991-01-01|Brentford|Shrewsbury|3|0|3
1991-01-01|Grimsby|Fulham|3|0|3
1991-01-01|Exeter|Crewe|3|0|3
1991-01-01|Mansfield|Birmingham|1|2|3
1991-01-01|Swansea|Rotherham|5|0|3
1991-01-01|Bradford|Bury|3|1|3
1990-12-30|C Palace|Liverpool|1|0|1
1990-12-29|Torquay|Burnley|2|0|4
1990-12-29|Doncaster|Hereford|3|1|4
1990-12-29|Wrexham|York|0|4|4
1990-12-29|Blackpool|Lincoln|5|0|4
1990-12-29|Gillingham|Northampton|0|0|4
1990-12-29|Aldershot|Peterborough|5|0|4
1990-12-29|Rochdale|Maidstone|3|2|4
1990-12-29|Chesterfield|Stockport|1|1|4
1990-12-29|Scarborough|Darlington (old)|1|1|4
1990-12-29|Scunthorpe|Carlisle|2|0|4
1990-12-29|Cardiff|Halifax|1|0|4
1990-12-29|QPR|Sunderland|3|2|1
1990-12-29|Nottm Forest|Man City|1|3|1
1990-12-29|Luton|Chelsea|2|0|1
1990-12-29|Coventry|Norwich|2|0|1
1990-12-29|Arsenal|Sheff Utd|4|1|1
1990-12-29|Southampton|Tottenham|3|0|1
1990-12-29|Everton|Derby|2|0|1
1990-12-29|Man Utd|Aston Villa|1|1|1
1990-12-29|Leeds|Wimbledon|3|0|1
1990-12-29|Sheff Wed|Portsmouth|2|1|2
1990-12-29|Hull|Barnsley|1|2|2
1990-12-29|Newcastle|Notts Co|0|2|2
1990-12-29|Blackburn|Oxford|1|3|2
1990-12-29|Ipswich|Charlton|4|4|2
1990-12-29|Bristol C|Middlesbro|3|0|2
1990-12-29|Millwall|Oldham|0|0|2
1990-12-29|Watford|Swindon|2|2|2
1990-12-29|West Brom|Wolves|1|1|2
1990-12-29|West Ham|Port Vale|0|0|2
1990-12-29|Plymouth|Bristol R|2|2|2
1990-12-29|Shrewsbury|Exeter|2|2|3
1990-12-29|Fulham|Chester|4|1|3
1990-12-29|Birmingham|Bolton|1|3|3
1990-12-29|Reading|Mansfield|2|1|3
1990-12-29|Bournemouth|Leyton Orient|2|2|3
1990-12-29|Rotherham|Tranmere|1|1|3
1990-12-29|Bury|Preston|3|1|3
1990-12-29|Crewe|Brentford|3|3|3
1990-12-29|Stoke|Huddersfield|2|0|3
1990-12-29|Wigan|Swansea|2|4|3
1990-12-29|Cambridge U|Grimsby|1|0|3
1990-12-28|Southend|Bradford|1|1|3
1990-12-26|Doncaster|Maidstone|3|0|4
1990-12-26|Wrexham|Hereford|1|2|4
1990-12-26|Blackpool|Peterborough|1|1|4
1990-12-26|Gillingham|Walsall|1|0|4
1990-12-26|Scarborough|Halifax|4|1|4
1990-12-26|Cardiff|Carlisle|3|1|4
1990-12-26|QPR|Liverpool|1|1|1
1990-12-26|Nottm Forest|Wimbledon|2|1|1
1990-12-26|Luton|Sheff Utd|0|1|1
1990-12-26|Coventry|Tottenham|2|0|1
1990-12-26|C Palace|Sunderland|2|1|1
1990-12-26|Arsenal|Derby|3|0|1
1990-12-26|Southampton|Man City|2|1|1
1990-12-26|Everton|Aston Villa|1|0|1
1990-12-26|Man Utd|Norwich|3|0|1
1990-12-26|Leeds|Chelsea|4|1|1
1990-12-26|Sheff Wed|Wolves|2|2|2
1990-12-26|Hull|Oxford|3|3|2
1990-12-26|Newcastle|Swindon|1|1|2
1990-12-26|Blackburn|Notts Co|0|1|2
1990-12-26|Ipswich|Middlesbro|0|1|2
1990-12-26|Bristol C|Portsmouth|4|1|2
1990-12-26|Brighton|Bristol R|0|1|2
1990-12-26|Millwall|Leicester|2|1|2
1990-12-26|Watford|Port Vale|2|1|2
1990-12-26|West Brom|Charlton|1|0|2
1990-12-26|West Ham|Oldham|2|0|2
1990-12-26|Plymouth|Barnsley|1|1|2
1990-12-26|Fulham|Bradford|0|0|3
1990-12-26|Birmingham|Brentford|0|2|3
1990-12-26|Reading|Grimsby|2|0|3
1990-12-26|Southend|Bolton|1|1|3
1990-12-26|Bournemouth|Mansfield|0|0|3
1990-12-26|Rotherham|Chester|2|1|3
1990-12-26|Crewe|Preston|2|2|3
1990-12-26|Stoke|Swansea|2|2|3
1990-12-26|Wigan|Exeter|4|1|3
1990-12-26|Cambridge U|Tranmere|3|1|3
1990-12-23|Carlisle|Blackpool|1|0|4
1990-12-23|Aston Villa|Arsenal|0|0|1
1990-12-23|Sunderland|Leeds|0|1|1
1990-12-23|Derby|QPR|1|1|1
1990-12-23|Leicester|Watford|0|0|2
1990-12-23|Brentford|Wigan|1|0|3
1990-12-22|Lincoln|Gillingham|1|1|4
1990-12-22|Maidstone|Torquay|2|2|4
1990-12-22|Burnley|Hartlepool|4|0|4
1990-12-22|Hereford|Scunthorpe|2|0|4
1990-12-22|Darlington (old)|Chesterfield|1|0|4
1990-12-22|Chelsea|Coventry|2|1|1
1990-12-22|Sheff Utd|Nottm Forest|3|2|1
1990-12-22|Liverpool|Southampton|3|2|1
1990-12-22|Tottenham|Luton|2|1|1
1990-12-22|Norwich|Everton|1|0|1
1990-12-22|Wimbledon|Man Utd|1|3|1
1990-12-22|Man City|C Palace|0|2|1
1990-12-22|Charlton|Hull|2|1|2
1990-12-22|Wolves|Millwall|4|1|2
1990-12-22|Port Vale|Brighton|0|1|2
1990-12-22|Notts Co|Bristol C|3|2|2
1990-12-22|Bristol R|Newcastle|1|1|2
1990-12-22|Middlesbro|Blackburn|0|1|2
1990-12-22|Oxford|Sheff Wed|2|2|2
1990-12-22|Barnsley|West Ham|1|0|2
1990-12-22|Swindon|West Brom|2|1|2
1990-12-22|Leyton Orient|Crewe|3|2|3
1990-12-22|Preston|Stoke|2|0|3
1990-12-22|Huddersfield|Bury|2|1|3
1990-12-22|Bolton|Cambridge U|2|2|3
1990-12-22|Grimsby|Bournemouth|5|0|3
1990-12-22|Chester|Southend|1|0|3
1990-12-22|Exeter|Rotherham|2|0|3
1990-12-22|Mansfield|Fulham|1|1|3
1990-12-22|Swansea|Reading|3|1|3
1990-12-22|Bradford|Shrewsbury|2|4|3
1990-12-21|Northampton|Cardiff|0|0|4
1990-12-21|York|Aldershot|2|0|4
1990-12-21|Halifax|Rochdale|2|0|4
1990-12-21|Stockport|Doncaster|0|0|4
1990-12-21|Walsall|Wrexham|1|0|4
1990-12-21|Peterborough|Scarborough|2|0|4
1990-12-21|Portsmouth|Ipswich|1|1|2
1990-12-21|Oldham|Plymouth|5|3|2
1990-12-21|Tranmere|Birmingham|1|0|3
1990-12-16|Scarborough|Stockport|0|2|4
1990-12-16|C Palace|Luton|1|0|1
1990-12-16|Leeds|Everton|2|0|1
1990-12-16|Plymouth|Newcastle|0|1|2
1990-12-16|Stoke|Brentford|2|2|3
1990-12-15|Blackpool|Maidstone|2|2|4
1990-12-15|Gillingham|Burnley|3|2|4
1990-12-15|Aldershot|Hereford|1|0|4
1990-12-15|Rochdale|Wrexham|2|0|4
1990-12-15|Carlisle|Northampton|4|1|4
1990-12-15|Halifax|Chesterfield|2|1|4
1990-12-15|Hartlepool|Lincoln|2|0|4
1990-12-15|Peterborough|York|2|0|4
1990-12-15|Darlington (old)|Torquay|3|0|4
1990-12-15|Scunthorpe|Doncaster|1|1|4
1990-12-15|Cardiff|Walsall|0|2|4
1990-12-15|Liverpool|Sheff Utd|2|0|1
1990-12-15|QPR|Nottm Forest|1|2|1
1990-12-15|Coventry|Man Utd|2|2|1
1990-12-15|Arsenal|Wimbledon|2|2|1
1990-12-15|Southampton|Aston Villa|1|1|1
1990-12-15|Man City|Tottenham|2|1|1
1990-12-15|Sunderland|Norwich|1|2|1
1990-12-15|Derby|Chelsea|4|6|1
1990-12-15|Sheff Wed|Ipswich|2|2|2
1990-12-15|Port Vale|Oxford|1|0|2
1990-12-15|Blackburn|Bristol C|0|1|2
1990-12-15|Notts Co|Hull|2|1|2
1990-12-15|Brighton|Barnsley|1|0|2
1990-12-15|Bristol R|Leicester|0|0|2
1990-12-15|Oldham|Wolves|4|1|2
1990-12-15|Millwall|Watford|0|2|2
1990-12-15|West Brom|Portsmouth|0|0|2
1990-12-15|Swindon|Charlton|1|1|2
1990-12-15|West Ham|Middlesbro|0|0|2
1990-12-15|Leyton Orient|Preston|1|0|3
1990-12-15|Shrewsbury|Wigan|0|0|3
1990-12-15|Fulham|Bolton|0|1|3
1990-12-15|Birmingham|Rotherham|2|1|3
1990-12-15|Southend|Grimsby|2|0|3
1990-12-15|Bury|Exeter|3|1|3
1990-12-15|Crewe|Huddersfield|1|1|3
1990-12-15|Mansfield|Chester|1|0|3
1990-12-15|Bradford|Cambridge U|0|1|3
1990-12-14|Tranmere|Reading|0|0|3
1990-12-14|Bournemouth|Swansea|1|0|3
1990-12-08|Chelsea|C Palace|2|1|1
1990-12-08|Tottenham|Sunderland|3|3|1
1990-12-08|Norwich|Southampton|3|1|1
1990-12-08|Luton|Arsenal|1|1|1
1990-12-08|Wimbledon|QPR|3|0|1
1990-12-08|Everton|Coventry|1|0|1
1990-12-08|Man Utd|Leeds|1|1|1
1990-12-08|Portsmouth|West Ham|0|1|2
1990-12-08|Hull|Blackburn|3|1|2
1990-12-08|Ipswich|Swindon|1|1|2
1990-12-08|Bristol C|Sheff Wed|1|1|2
1990-12-08|Watford|Plymouth|2|0|2
1990-12-07|Torquay|Stockport|1|1|4
1990-12-07|Scarborough|Wrexham|4|2|4
1990-12-05|West Brom|Watford|1|1|2
1990-12-02|Arsenal|Liverpool|3|0|1
1990-12-02|Huddersfield|Bradford|1|2|3
1990-12-02|Brentford|Leyton Orient|1|0|3
1990-12-01|Lincoln|Scarborough|2|0|4
1990-12-01|Torquay|Hartlepool|0|1|4
1990-12-01|Doncaster|Aldershot|3|0|4
1990-12-01|Wrexham|Carlisle|3|0|4
1990-12-01|Northampton|Rochdale|3|2|4
1990-12-01|York|Scunthorpe|2|2|4
1990-12-01|Maidstone|Peterborough|2|0|4
1990-12-01|Chesterfield|Gillingham|1|1|4
1990-12-01|Stockport|Darlington (old)|3|1|4
1990-12-01|Walsall|Halifax|3|1|4
1990-12-01|Burnley|Cardiff|2|0|4
1990-12-01|Hereford|Blackpool|1|1|4
1990-12-01|Chelsea|Tottenham|3|2|1
1990-12-01|Nottm Forest|Luton|2|2|1
1990-12-01|Norwich|Wimbledon|0|4|1
1990-12-01|C Palace|Coventry|2|1|1
1990-12-01|Aston Villa|Sheff Utd|2|1|1
1990-12-01|Everton|Man Utd|0|1|1
1990-12-01|Man City|QPR|2|1|1
1990-12-01|Sunderland|Derby|1|2|1
1990-12-01|Leeds|Southampton|2|1|1
1990-12-01|Portsmouth|Oxford|1|1|2
1990-12-01|Sheff Wed|Notts Co|2|2|2
1990-12-01|Wolves|Ipswich|2|2|2
1990-12-01|Port Vale|Plymouth|5|1|2
1990-12-01|Bristol C|Charlton|0|1|2
1990-12-01|Oldham|Brighton|6|1|2
1990-12-01|Middlesbro|Hull|3|0|2
1990-12-01|Millwall|Bristol R|1|1|2
1990-12-01|Watford|Barnsley|0|0|2
1990-12-01|Swindon|Blackburn|1|1|2
1990-12-01|West Ham|West Brom|3|1|2
1990-12-01|Leicester|Newcastle|5|4|2
1990-12-01|Preston|Shrewsbury|4|3|3
1990-12-01|Reading|Fulham|1|0|3
1990-12-01|Bolton|Tranmere|2|1|3
1990-12-01|Grimsby|Mansfield|2|0|3
1990-12-01|Rotherham|Southend|0|1|3
1990-12-01|Chester|Bournemouth|0|0|3
1990-12-01|Exeter|Stoke|2|0|3
1990-12-01|Swansea|Birmingham|2|0|3
1990-12-01|Wigan|Bury|1|2|3
1990-11-30|Cambridge U|Crewe|3|4|3
1990-11-25|Chesterfield|Walsall|2|2|4
1990-11-25|Man Utd|Chelsea|2|3|1
1990-11-24|Lincoln|Darlington (old)|0|3|4
1990-11-24|Doncaster|Blackpool|1|0|4
1990-11-24|Wrexham|Scunthorpe|1|0|4
1990-11-24|Gillingham|Cardiff|4|0|4
1990-11-24|Aldershot|Maidstone|4|3|4
1990-11-24|York|Northampton|0|1|4
1990-11-24|Rochdale|Carlisle|0|1|4
1990-11-24|Hartlepool|Scarborough|2|0|4
1990-11-24|Burnley|Halifax|2|1|4
1990-11-24|Hereford|Peterborough|0|0|4
1990-11-24|Sheff Utd|Sunderland|0|2|1
1990-11-24|Liverpool|Man City|2|2|1
1990-11-24|Tottenham|Norwich|2|1|1
1990-11-24|QPR|Arsenal|1|3|1
1990-11-24|Luton|Aston Villa|2|0|1
1990-11-24|Coventry|Leeds|1|1|1
1990-11-24|Wimbledon|Everton|2|1|1
1990-11-24|Southampton|C Palace|2|3|1
1990-11-24|Derby|Nottm Forest|2|1|1
1990-11-24|Charlton|Portsmouth|2|1|2
1990-11-24|Newcastle|Watford|1|0|2
1990-11-24|Notts Co|Swindon|0|0|2
1990-11-24|Ipswich|Bristol C|1|1|2
1990-11-24|Brighton|Millwall|0|0|2
1990-11-24|Bristol R|Oldham|2|0|2
1990-11-24|Oxford|Middlesbro|2|5|2
1990-11-24|West Brom|Sheff Wed|1|2|2
1990-11-24|Barnsley|Wolves|1|1|2
1990-11-24|Plymouth|West Ham|0|1|2
1990-11-24|Preston|Huddersfield|1|1|3
1990-11-24|Fulham|Tranmere|1|2|3
1990-11-24|Birmingham|Bournemouth|0|0|3
1990-11-24|Reading|Southend|2|4|3
1990-11-24|Grimsby|Bolton|0|1|3
1990-11-24|Rotherham|Mansfield|1|1|3
1990-11-24|Bury|Stoke|1|1|3
1990-11-24|Crewe|Bradford|0|0|3
1990-11-24|Exeter|Brentford|1|1|3
1990-11-24|Swansea|Chester|1|0|3
1990-11-24|Wigan|Leyton Orient|1|2|3
1990-11-24|Cambridge U|Shrewsbury|3|1|3
1990-11-23|Hull|Leicester|5|2|2
1990-11-23|Blackburn|Port Vale|1|1|2
1990-11-18|Everton|Tottenham|1|1|1
1990-11-17|QPR|C Palace|1|2|1
1990-11-17|Nottm Forest|Sunderland|2|0|1
1990-11-17|Norwich|Aston Villa|2|0|1
1990-11-17|Luton|Man City|2|2|1
1990-11-17|Coventry|Liverpool|0|1|1
1990-11-17|Wimbledon|Chelsea|2|1|1
1990-11-17|Arsenal|Southampton|4|0|1
1990-11-17|Man Utd|Sheff Utd|2|0|1
1990-11-17|Leeds|Derby|3|0|1
1990-11-17|Portsmouth|Middlesbro|0|3|2
1990-11-17|Charlton|Oxford|3|3|2
1990-11-17|Sheff Wed|Swindon|2|1|2
1990-11-17|Newcastle|Barnsley|0|0|2
1990-11-17|Port Vale|Oldham|1|0|2
1990-11-17|Ipswich|Notts Co|0|0|2
1990-11-17|Bristol C|Hull|4|1|2
1990-11-17|Watford|Bristol R|1|1|2
1990-11-17|West Brom|Blackburn|2|0|2
1990-11-17|West Ham|Brighton|2|1|2
1990-11-17|Plymouth|Millwall|3|2|2
1990-11-17|Leicester|Wolves|1|0|2
1990-11-11|Man City|Leeds|2|3|1
1990-11-10|Blackpool|Aldershot|4|2|4
1990-11-10|Maidstone|Hereford|1|1|4
1990-11-10|Carlisle|York|1|0|4
1990-11-10|Stockport|Lincoln|4|0|4
1990-11-10|Walsall|Burnley|1|0|4
1990-11-10|Peterborough|Doncaster|1|1|4
1990-11-10|Darlington (old)|Hartlepool|0|1|4
1990-11-10|Scunthorpe|Rochdale|2|1|4
1990-11-10|Cardiff|Chesterfield|2|1|4
1990-11-10|Chelsea|Norwich|1|1|1
1990-11-10|Sheff Utd|Everton|0|0|1
1990-11-10|Liverpool|Luton|4|0|1
1990-11-10|Tottenham|Wimbledon|4|2|1
1990-11-10|C Palace|Arsenal|0|0|1
1990-11-10|Aston Villa|Nottm Forest|1|1|1
1990-11-10|Southampton|QPR|3|1|1
1990-11-10|Sunderland|Coventry|0|0|1
1990-11-10|Derby|Man Utd|0|0|1
1990-11-10|Hull|Ipswich|3|3|2
1990-11-10|Wolves|Newcastle|2|1|2
1990-11-10|Blackburn|Sheff Wed|1|0|2
1990-11-10|Notts Co|West Brom|4|3|2
1990-11-10|Brighton|Plymouth|3|2|2
1990-11-10|Bristol R|Port Vale|2|0|2
1990-11-10|Oldham|Watford|4|1|2
1990-11-10|Middlesbro|Charlton|1|2|2
1990-11-10|Millwall|West Ham|1|1|2
1990-11-10|Oxford|Bristol C|3|1|2
1990-11-10|Barnsley|Leicester|1|1|2
1990-11-10|Swindon|Portsmouth|3|0|2
1990-11-10|Leyton Orient|Exeter|1|0|3
1990-11-10|Huddersfield|Cambridge U|3|1|3
1990-11-10|Tranmere|Grimsby|1|2|3
1990-11-10|Southend|Fulham|1|1|3
1990-11-10|Bolton|Reading|3|1|3
1990-11-10|Bournemouth|Rotherham|4|2|3
1990-11-10|Brentford|Bury|2|2|3
1990-11-10|Chester|Birmingham|0|1|3
1990-11-10|Stoke|Wigan|2|0|3
1990-11-10|Mansfield|Swansea|2|0|3
1990-11-10|Bradford|Preston|2|1|3
1990-11-09|Northampton|Wrexham|1|0|4
1990-11-09|Halifax|Gillingham|1|2|4
1990-11-09|Scarborough|Torquay|1|0|4
1990-11-09|Shrewsbury|Crewe|1|0|3
1990-11-07|Bristol R|Barnsley|2|1|2
1990-11-07|Millwall|Oxford|1|2|2
1990-11-06|West Brom|Middlesbro|0|1|2
1990-11-04|Tottenham|Liverpool|1|3|1
1990-11-04|Leyton Orient|Fulham|1|0|3
1990-11-04|Brentford|Southend|0|1|3
1990-11-03|Doncaster|Gillingham|1|1|4
1990-11-03|Wrexham|Burnley|2|4|4
1990-11-03|Blackpool|Walsall|1|2|4
1990-11-03|Northampton|Hartlepool|3|2|4
1990-11-03|York|Torquay|0|0|4
1990-11-03|Maidstone|Cardiff|3|0|4
1990-11-03|Rochdale|Darlington (old)|1|1|4
1990-11-03|Carlisle|Lincoln|0|0|4
1990-11-03|Hereford|Scarborough|3|3|4
1990-11-03|Peterborough|Chesterfield|2|1|4
1990-11-03|Scunthorpe|Stockport|3|0|4
1990-11-03|Chelsea|Aston Villa|1|0|1
1990-11-03|Norwich|Sheff Utd|3|0|1
1990-11-03|Coventry|Arsenal|0|2|1
1990-11-03|Wimbledon|Southampton|1|1|1
1990-11-03|Everton|QPR|3|0|1
1990-11-03|Man Utd|C Palace|2|0|1
1990-11-03|Sunderland|Man City|1|1|1
1990-11-03|Derby|Luton|2|1|1
1990-11-03|Leeds|Nottm Forest|3|1|1
1990-11-03|Portsmouth|Wolves|0|0|2
1990-11-03|Charlton|Plymouth|0|1|2
1990-11-03|Sheff Wed|Oldham|2|2|2
1990-11-03|Hull|Newcastle|2|1|2
1990-11-03|Blackburn|Millwall|1|0|2
1990-11-03|Notts Co|West Ham|0|1|2
1990-11-03|Ipswich|Brighton|1|3|2
1990-11-03|Bristol C|Watford|3|2|2
1990-11-03|Middlesbro|Barnsley|1|0|2
1990-11-03|Oxford|Leicester|2|2|2
1990-11-03|West Brom|Bristol R|3|1|2
1990-11-03|Swindon|Port Vale|1|2|2
1990-11-03|Birmingham|Huddersfield|1|2|3
1990-11-03|Bournemouth|Shrewsbury|3|2|3
1990-11-03|Rotherham|Bradford|0|2|3
1990-11-03|Bury|Tranmere|3|0|3
1990-11-03|Chester|Bolton|0|2|3
1990-11-03|Stoke|Reading|0|1|3
1990-11-03|Exeter|Grimsby|0|0|3
1990-11-03|Mansfield|Crewe|1|3|3
1990-11-03|Swansea|Cambridge U|0|0|3
1990-11-03|Wigan|Preston|2|1|3
1990-11-02|Aldershot|Halifax|2|2|4
1990-10-31|Maidstone|Wrexham|0|2|4
1990-10-30|Notts Co|Charlton|2|2|2
1990-10-30|Bournemouth|Tranmere|1|0|3
1990-10-27|Lincoln|Northampton|3|1|4
1990-10-27|Torquay|Carlisle|3|0|4
1990-10-27|Gillingham|Wrexham|2|3|4
1990-10-27|Chesterfield|Doncaster|2|1|4
1990-10-27|Halifax|Blackpool|5|3|4
1990-10-27|Hartlepool|Hereford|2|1|4
1990-10-27|Walsall|Aldershot|2|2|4
1990-10-27|Burnley|Rochdale|1|0|4
1990-10-27|Scarborough|Maidstone|0|2|4
1990-10-27|Darlington (old)|Scunthorpe|0|0|4
1990-10-27|Cardiff|Peterborough|1|1|4
1990-10-27|Sheff Utd|Coventry|0|1|1
1990-10-27|Liverpool|Chelsea|2|0|1
1990-10-27|QPR|Norwich|1|3|1
1990-10-27|Nottm Forest|Tottenham|1|2|1
1990-10-27|Luton|Everton|1|1|1
1990-10-27|C Palace|Wimbledon|4|3|1
1990-10-27|Arsenal|Sunderland|1|0|1
1990-10-27|Aston Villa|Leeds|0|0|1
1990-10-27|Southampton|Derby|0|1|1
1990-10-27|Man City|Man Utd|3|3|1
1990-10-27|Newcastle|West Brom|1|1|2
1990-10-27|Wolves|Blackburn|2|3|2
1990-10-27|Port Vale|Bristol C|3|2|2
1990-10-27|Brighton|Middlesbro|2|4|2
1990-10-27|Bristol R|Portsmouth|1|2|2
1990-10-27|Oldham|Notts Co|2|1|2
1990-10-27|Millwall|Sheff Wed|4|2|2
1990-10-27|Watford|Oxford|1|1|2
1990-10-27|Barnsley|Swindon|5|1|2
1990-10-27|West Ham|Charlton|2|1|2
1990-10-27|Plymouth|Hull|4|1|2
1990-10-27|Leicester|Ipswich|1|2|2
1990-10-27|Preston|Bournemouth|0|0|3
1990-10-27|Shrewsbury|Birmingham|4|1|3
1990-10-27|Huddersfield|Mansfield|2|2|3
1990-10-27|Fulham|Exeter|3|2|3
1990-10-27|Reading|Leyton Orient|1|2|3
1990-10-27|Southend|Bury|2|1|3
1990-10-27|Bolton|Swansea|1|0|3
1990-10-27|Grimsby|Stoke|2|0|3
1990-10-27|Crewe|Chester|1|3|3
1990-10-27|Cambridge U|Rotherham|4|1|3
1990-10-27|Bradford|Wigan|2|1|3
1990-10-26|Stockport|York|2|0|4
1990-10-26|Tranmere|Brentford|2|1|3
1990-10-24|Lincoln|Rochdale|1|2|4
1990-10-24|Scarborough|Carlisle|1|1|4
1990-10-24|Newcastle|Charlton|1|3|2
1990-10-24|Brighton|Hull|3|1|2
1990-10-24|Bristol R|Oxford|1|0|2
1990-10-24|Millwall|Bristol C|1|2|2
1990-10-24|West Ham|Blackburn|1|0|2
1990-10-24|Leicester|Swindon|2|2|2
1990-10-24|Bradford|Stoke|1|2|3
1990-10-23|Gillingham|Aldershot|1|1|4
1990-10-23|Chesterfield|Scunthorpe|1|0|4
1990-10-23|Halifax|Hereford|0|4|4
1990-10-23|Hartlepool|Peterborough|2|0|4
1990-10-23|Walsall|York|1|1|4
1990-10-23|Burnley|Maidstone|2|1|4
1990-10-23|Darlington (old)|Northampton|1|1|4
1990-10-23|Cardiff|Doncaster|0|2|4
1990-10-23|Wolves|Middlesbro|1|0|2
1990-10-23|Oldham|Ipswich|2|0|2
1990-10-23|Watford|Portsmouth|0|1|2
1990-10-23|Barnsley|Sheff Wed|1|1|2
1990-10-23|Plymouth|Notts Co|0|0|2
1990-10-23|Preston|Chester|0|0|3
1990-10-23|Shrewsbury|Swansea|1|2|3
1990-10-23|Huddersfield|Bournemouth|1|3|3
1990-10-23|Fulham|Bury|2|0|3
1990-10-23|Reading|Brentford|1|2|3
1990-10-23|Southend|Exeter|2|1|3
1990-10-23|Bolton|Rotherham|0|0|3
1990-10-23|Grimsby|Leyton Orient|2|2|3
1990-10-23|Crewe|Birmingham|1|1|3
1990-10-23|Cambridge U|Wigan|2|3|3
1990-10-22|Stockport|Blackpool|0|0|4
1990-10-22|Port Vale|West Brom|1|2|2
1990-10-22|Tranmere|Mansfield|6|2|3
1990-10-20|Doncaster|Lincoln|1|0|4
1990-10-20|Wrexham|Hartlepool|2|2|4
1990-10-20|Blackpool|Gillingham|2|0|4
1990-10-20|York|Halifax|3|3|4
1990-10-20|Maidstone|Darlington (old)|2|3|4
1990-10-20|Rochdale|Torquay|0|0|4
1990-10-20|Carlisle|Chesterfield|1|0|4
1990-10-20|Hereford|Cardiff|1|1|4
1990-10-20|Peterborough|Burnley|3|2|4
1990-10-20|Scunthorpe|Scarborough|3|0|4
1990-10-20|Chelsea|Nottm Forest|0|0|1
1990-10-20|Tottenham|Sheff Utd|4|0|1
1990-10-20|Norwich|Liverpool|1|1|1
1990-10-20|Coventry|Southampton|1|2|1
1990-10-20|Wimbledon|Aston Villa|0|0|1
1990-10-20|Everton|C Palace|0|0|1
1990-10-20|Man Utd|Arsenal|0|1|1
1990-10-20|Sunderland|Luton|2|0|1
1990-10-20|Derby|Man City|1|1|1
1990-10-20|Leeds|QPR|2|3|1
1990-10-20|Portsmouth|Leicester|3|1|2
1990-10-20|Charlton|Watford|1|2|2
1990-10-20|Sheff Wed|Port Vale|1|1|2
1990-10-20|Hull|Wolves|1|2|2
1990-10-20|Blackburn|Plymouth|0|0|2
1990-10-20|Notts Co|Millwall|0|1|2
1990-10-20|Ipswich|Newcastle|2|1|2
1990-10-20|Bristol C|Oldham|1|2|2
1990-10-20|Middlesbro|Bristol R|1|2|2
1990-10-20|Oxford|Brighton|3|0|2
1990-10-20|West Brom|Barnsley|1|1|2
1990-10-20|Swindon|West Ham|0|1|2
1990-10-20|Leyton Orient|Bolton|0|1|3
1990-10-20|Birmingham|Grimsby|0|0|3
1990-10-20|Bournemouth|Crewe|1|1|3
1990-10-20|Brentford|Huddersfield|1|0|3
1990-10-20|Rotherham|Preston|1|0|3
1990-10-20|Bury|Reading|2|1|3
1990-10-20|Chester|Shrewsbury|3|2|3
1990-10-20|Stoke|Cambridge U|1|1|3
1990-10-20|Exeter|Tranmere|0|0|3
1990-10-20|Mansfield|Bradford|0|1|3
1990-10-20|Swansea|Fulham|2|2|3
1990-10-20|Wigan|Southend|4|1|3
1990-10-19|Northampton|Walsall|5|0|4
1990-10-19|Aldershot|Stockport|2|2|4
1990-10-16|Torquay|Wrexham|1|0|4
1990-10-16|Hartlepool|York|0|1|4
1990-10-14|Brentford|Cambridge U|0|3|3
1990-10-13|Doncaster|Hartlepool|2|2|4
1990-10-13|Wrexham|Scarborough|1|2|4
1990-10-13|Blackpool|Darlington (old)|1|2|4
1990-10-13|Northampton|Stockport|1|0|4
1990-10-13|York|Cardiff|1|2|4
1990-10-13|Maidstone|Walsall|1|3|4
1990-10-13|Rochdale|Chesterfield|3|0|4
1990-10-13|Carlisle|Halifax|0|3|4
1990-10-13|Hereford|Burnley|3|0|4
1990-10-13|Peterborough|Lincoln|2|0|4
1990-10-13|Scunthorpe|Gillingham|1|0|4
1990-10-13|Portsmouth|Barnsley|0|0|2
1990-10-13|Charlton|Leicester|1|2|2
1990-10-13|Sheff Wed|Plymouth|3|0|2
1990-10-13|Hull|Oldham|2|2|2
1990-10-13|Blackburn|Watford|0|2|2
1990-10-13|Notts Co|Wolves|1|1|2
1990-10-13|Ipswich|Port Vale|3|0|2
1990-10-13|Bristol C|West Ham|1|1|2
1990-10-13|Middlesbro|Millwall|2|1|2
1990-10-13|Oxford|Newcastle|0|0|2
1990-10-13|West Brom|Brighton|1|1|2
1990-10-13|Swindon|Bristol R|0|2|2
1990-10-13|Leyton Orient|Shrewsbury|3|2|3
1990-10-13|Birmingham|Southend|1|1|3
1990-10-13|Rotherham|Huddersfield|1|3|3
1990-10-13|Bury|Bolton|2|2|3
1990-10-13|Chester|Grimsby|1|2|3
1990-10-13|Stoke|Fulham|2|1|3
1990-10-13|Exeter|Bradford|2|2|3
1990-10-13|Mansfield|Preston|0|1|3
1990-10-13|Swansea|Crewe|3|1|3
1990-10-13|Wigan|Reading|1|0|3
1990-10-12|Aldershot|Torquay|2|3|4
1990-10-07|Scarborough|Doncaster|2|1|4
1990-10-07|Nottm Forest|Everton|3|1|1
1990-10-06|Lincoln|Aldershot|2|2|4
1990-10-06|Torquay|Blackpool|2|1|4
1990-10-06|Gillingham|Rochdale|2|2|4
1990-10-06|Chesterfield|Northampton|0|0|4
1990-10-06|Halifax|Scunthorpe|0|0|4
1990-10-06|Hartlepool|Maidstone|1|0|4
1990-10-06|Stockport|Peterborough|2|1|4
1990-10-06|Walsall|Carlisle|1|1|4
1990-10-06|Burnley|York|0|0|4
1990-10-06|Darlington (old)|Hereford|3|1|4
1990-10-06|Sheff Utd|Wimbledon|1|2|1
1990-10-06|Liverpool|Derby|2|0|1
1990-10-06|QPR|Tottenham|0|0|1
1990-10-06|C Palace|Leeds|1|1|1
1990-10-06|Arsenal|Norwich|2|0|1
1990-10-06|Aston Villa|Sunderland|3|0|1
1990-10-06|Southampton|Chelsea|3|3|1
1990-10-06|Man City|Coventry|2|0|1
1990-10-06|Newcastle|Portsmouth|2|1|2
1990-10-06|Wolves|Bristol C|4|0|2
1990-10-06|Port Vale|Charlton|1|1|2
1990-10-06|Brighton|Swindon|3|3|2
1990-10-06|Bristol R|Sheff Wed|0|1|2
1990-10-06|Oldham|Blackburn|1|1|2
1990-10-06|Millwall|West Brom|4|1|2
1990-10-06|Watford|Middlesbro|0|3|2
1990-10-06|Barnsley|Oxford|3|0|2
1990-10-06|West Ham|Hull|7|1|2
1990-10-06|Plymouth|Ipswich|0|0|2
1990-10-06|Leicester|Notts Co|2|1|2
1990-10-06|Preston|Exeter|1|0|3
1990-10-06|Shrewsbury|Mansfield|0|3|3
1990-10-06|Huddersfield|Leyton Orient|1|0|3
1990-10-06|Fulham|Rotherham|2|0|3
1990-10-06|Tranmere|Chester|1|2|3
1990-10-06|Reading|Birmingham|2|2|3
1990-10-06|Bolton|Stoke|0|1|3
1990-10-06|Grimsby|Swansea|1|0|3
1990-10-06|Crewe|Wigan|1|0|3
1990-10-06|Cambridge U|Bury|2|2|3
1990-10-06|Bradford|Brentford|0|1|3
1990-10-05|Cardiff|Wrexham|1|0|4
1990-10-05|Southend|Bournemouth|2|1|3
1990-10-03|Lincoln|Hereford|1|1|4
1990-10-03|Scarborough|Blackpool|0|1|4
1990-10-03|Newcastle|Middlesbro|0|0|2
1990-10-03|Brighton|Sheff Wed|0|4|2
1990-10-03|Bristol R|Blackburn|1|2|2
1990-10-03|Millwall|Portsmouth|2|0|2
1990-10-03|West Ham|Oxford|2|0|2
1990-10-03|Leicester|Bristol C|3|0|2
1990-10-03|Bradford|Chester|2|1|3
1990-10-02|Torquay|Doncaster|1|0|4
1990-10-02|Gillingham|Carlisle|2|1|4
1990-10-02|Chesterfield|York|2|2|4
1990-10-02|Hartlepool|Aldershot|1|0|4
1990-10-02|Walsall|Scunthorpe|3|0|4
1990-10-02|Burnley|Northampton|3|0|4
1990-10-02|Darlington (old)|Peterborough|0|1|4
1990-10-02|Cardiff|Rochdale|0|1|4
1990-10-02|Wolves|Charlton|3|0|2
1990-10-02|Oldham|Swindon|3|2|2
1990-10-02|Watford|Hull|0|1|2
1990-10-02|Barnsley|Ipswich|5|1|2
1990-10-02|Plymouth|West Brom|2|0|2
1990-10-02|Preston|Brentford|1|1|3
1990-10-02|Shrewsbury|Bury|1|1|3
1990-10-02|Huddersfield|Exeter|1|0|3
1990-10-02|Fulham|Birmingham|2|2|3
1990-10-02|Reading|Bournemouth|2|1|3
1990-10-02|Southend|Swansea|4|1|3
1990-10-02|Bolton|Mansfield|1|1|3
1990-10-02|Grimsby|Rotherham|2|1|3
1990-10-02|Crewe|Stoke|1|2|3
1990-10-02|Cambridge U|Leyton Orient|1|0|3
1990-10-01|Stockport|Maidstone|1|0|4
1990-10-01|Port Vale|Notts Co|0|1|2
1990-10-01|Tranmere|Wigan|1|1|3
1990-09-30|Swindon|Millwall|0|0|2
1990-09-29|Doncaster|Darlington (old)|0|1|4
1990-09-29|Wrexham|Chesterfield|1|1|4
1990-09-29|Blackpool|Hartlepool|2|0|4
1990-09-29|Northampton|Halifax|1|0|4
1990-09-29|Aldershot|Scarborough|2|2|4
1990-09-29|York|Gillingham|1|1|4
1990-09-29|Maidstone|Lincoln|4|1|4
1990-09-29|Rochdale|Walsall|3|2|4
1990-09-29|Hereford|Stockport|0|0|4
1990-09-29|Peterborough|Torquay|1|2|4
1990-09-29|Scunthorpe|Cardiff|0|2|4
1990-09-29|Chelsea|Sheff Utd|2|2|1
1990-09-29|Tottenham|Aston Villa|2|1|1
1990-09-29|Norwich|Luton|1|3|1
1990-09-29|Coventry|QPR|3|1|1
1990-09-29|Wimbledon|Man City|1|1|1
1990-09-29|Everton|Southampton|3|0|1
1990-09-29|Man Utd|Nottm Forest|0|1|1
1990-09-29|Sunderland|Liverpool|0|1|1
1990-09-29|Derby|C Palace|0|2|1
1990-09-29|Leeds|Arsenal|2|2|1
1990-09-29|Portsmouth|Plymouth|3|1|2
1990-09-29|Charlton|Barnsley|2|1|2
1990-09-29|Sheff Wed|West Ham|1|1|2
1990-09-29|Hull|Port Vale|3|2|2
1990-09-29|Blackburn|Brighton|1|2|2
1990-09-29|Notts Co|Bristol R|3|2|2
1990-09-29|Ipswich|Watford|1|1|2
1990-09-29|Bristol C|Newcastle|1|0|2
1990-09-29|Middlesbro|Leicester|6|0|2
1990-09-29|Oxford|Wolves|1|1|2
1990-09-29|West Brom|Oldham|0|0|2
1990-09-29|Leyton Orient|Bradford|2|1|3
1990-09-29|Birmingham|Preston|1|1|3
1990-09-29|Bournemouth|Fulham|3|0|3
1990-09-29|Brentford|Grimsby|1|0|3
1990-09-29|Rotherham|Reading|0|2|3
1990-09-29|Bury|Crewe|1|3|3
1990-09-29|Chester|Huddersfield|1|2|3
1990-09-29|Stoke|Shrewsbury|1|3|3
1990-09-29|Exeter|Cambridge U|0|1|3
1990-09-29|Mansfield|Southend|0|1|3
1990-09-28|Carlisle|Burnley|1|1|4
1990-09-28|Swansea|Tranmere|1|1|3
1990-09-28|Wigan|Bolton|2|1|3
1990-09-23|Sheff Utd|Leeds|0|2|1
1990-09-22|Wrexham|Darlington (old)|1|1|4
1990-09-22|Gillingham|Maidstone|0|2|4
1990-09-22|Northampton|Peterborough|1|2|4
1990-09-22|York|Doncaster|3|1|4
1990-09-22|Rochdale|Scarborough|1|1|4
1990-09-22|Carlisle|Hartlepool|1|0|4
1990-09-22|Chesterfield|Blackpool|2|2|4
1990-09-22|Walsall|Hereford|0|0|4
1990-09-22|Burnley|Aldershot|3|0|4
1990-09-22|Scunthorpe|Lincoln|2|1|4
1990-09-22|Cardiff|Stockport|3|3|4
1990-09-22|Chelsea|Man City|1|1|1
1990-09-22|Tottenham|C Palace|1|1|1
1990-09-22|Nottm Forest|Arsenal|0|2|1
1990-09-22|Norwich|Derby|2|1|1
1990-09-22|Luton|Coventry|1|0|1
1990-09-22|Wimbledon|Sunderland|2|2|1
1990-09-22|Aston Villa|QPR|2|2|1
1990-09-22|Everton|Liverpool|2|3|1
1990-09-22|Man Utd|Southampton|3|2|1
1990-09-22|Portsmouth|Blackburn|3|2|2
1990-09-22|Charlton|Millwall|0|0|2
1990-09-22|Hull|West Brom|1|1|2
1990-09-22|Newcastle|West Ham|1|1|2
1990-09-22|Wolves|Plymouth|3|1|2
1990-09-22|Ipswich|Bristol R|2|1|2
1990-09-22|Bristol C|Brighton|3|1|2
1990-09-22|Middlesbro|Oldham|0|1|2
1990-09-22|Oxford|Swindon|2|4|2
1990-09-22|Watford|Notts Co|1|3|2
1990-09-22|Barnsley|Port Vale|1|1|2
1990-09-22|Leicester|Sheff Wed|2|4|2
1990-09-22|Leyton Orient|Rotherham|3|0|3
1990-09-22|Preston|Fulham|1|0|3
1990-09-22|Shrewsbury|Grimsby|1|2|3
1990-09-22|Huddersfield|Reading|0|2|3
1990-09-22|Brentford|Bolton|4|2|3
1990-09-22|Bury|Mansfield|1|0|3
1990-09-22|Stoke|Southend|4|0|3
1990-09-22|Exeter|Bournemouth|2|0|3
1990-09-22|Wigan|Birmingham|1|1|3
1990-09-22|Bradford|Swansea|0|1|3
1990-09-21|Halifax|Torquay|0|1|4
1990-09-21|Crewe|Tranmere|2|3|3
1990-09-21|Cambridge U|Chester|1|1|3
1990-09-19|Lincoln|Chesterfield|1|1|4
1990-09-19|Hereford|Gillingham|1|1|4
1990-09-19|Brighton|Portsmouth|3|2|2
1990-09-19|Millwall|Hull|3|3|2
1990-09-19|West Ham|Ipswich|3|1|2
1990-09-18|Torquay|Scunthorpe|1|1|4
1990-09-18|Doncaster|Walsall|2|0|4
1990-09-18|Blackpool|Burnley|1|2|4
1990-09-18|Aldershot|Cardiff|0|0|4
1990-09-18|Hartlepool|Rochdale|2|2|4
1990-09-18|Peterborough|Halifax|2|0|4
1990-09-18|Scarborough|Northampton|1|1|4
1990-09-18|Darlington (old)|York|0|0|4
1990-09-18|Sheff Wed|Newcastle|2|2|2
1990-09-18|Blackburn|Leicester|4|1|2
1990-09-18|Notts Co|Barnsley|2|3|2
1990-09-18|Oldham|Charlton|1|1|2
1990-09-18|Swindon|Wolves|1|0|2
1990-09-18|Plymouth|Oxford|2|2|2
1990-09-18|Fulham|Wigan|1|2|3
1990-09-18|Birmingham|Exeter|1|1|3
1990-09-18|Reading|Crewe|2|1|3
1990-09-18|Southend|Shrewsbury|2|1|3
1990-09-18|Bolton|Preston|1|2|3
1990-09-18|Bournemouth|Bradford|3|1|3
1990-09-18|Grimsby|Huddersfield|4|0|3
1990-09-18|Rotherham|Brentford|2|2|3
1990-09-18|Chester|Stoke|1|1|3
1990-09-18|Mansfield|Cambridge U|2|2|3
1990-09-18|Swansea|Bury|1|2|3
1990-09-17|Stockport|Carlisle|3|1|4
1990-09-17|Port Vale|Middlesbro|3|1|2
1990-09-17|Tranmere|Leyton Orient|3|0|3
1990-09-16|Liverpool|Man Utd|4|0|1
1990-09-15|Lincoln|Cardiff|0|0|4
1990-09-15|Torquay|Chesterfield|2|0|4
1990-09-15|Blackpool|Wrexham|4|1|4
1990-09-15|Maidstone|Scunthorpe|6|1|4
1990-09-15|Rochdale|Doncaster|0|3|4
1990-09-15|Hereford|Carlisle|4|2|4
1990-09-15|Peterborough|Walsall|0|0|4
1990-09-15|Scarborough|Gillingham|2|1|4
1990-09-15|Darlington (old)|Halifax|3|0|4
1990-09-15|QPR|Luton|6|1|1
1990-09-15|Coventry|Wimbledon|0|0|1
1990-09-15|C Palace|Nottm Forest|2|2|1
1990-09-15|Arsenal|Chelsea|4|1|1
1990-09-15|Southampton|Sheff Utd|2|0|1
1990-09-15|Man City|Norwich|2|1|1
1990-09-15|Sunderland|Everton|2|2|1
1990-09-15|Derby|Aston Villa|0|2|1
1990-09-15|Leeds|Tottenham|0|2|1
1990-09-15|Sheff Wed|Watford|2|0|2
1990-09-15|Port Vale|Newcastle|0|1|2
1990-09-15|Blackburn|Barnsley|1|2|2
1990-09-15|Notts Co|Portsmouth|2|1|2
1990-09-15|Brighton|Charlton|3|2|2
1990-09-15|Bristol R|Hull|1|1|2
1990-09-15|Oldham|Oxford|3|0|2
1990-09-15|Millwall|Ipswich|1|1|2
1990-09-15|West Brom|Bristol C|2|1|2
1990-09-15|Swindon|Middlesbro|1|3|2
1990-09-15|West Ham|Wolves|1|1|2
1990-09-15|Plymouth|Leicester|2|0|2
1990-09-15|Fulham|Huddersfield|0|0|3
1990-09-15|Birmingham|Bury|1|0|3
1990-09-15|Reading|Cambridge U|2|2|3
1990-09-15|Bolton|Crewe|3|2|3
1990-09-15|Bournemouth|Stoke|1|1|3
1990-09-15|Grimsby|Bradford|1|1|3
1990-09-15|Rotherham|Wigan|5|1|3
1990-09-15|Chester|Leyton Orient|2|0|3
1990-09-15|Mansfield|Exeter|0|2|3
1990-09-15|Swansea|Brentford|2|2|3
1990-09-14|Aldershot|Northampton|3|3|4
1990-09-14|Stockport|Burnley|2|2|4
1990-09-14|Tranmere|Shrewsbury|1|1|3
1990-09-14|Southend|Preston|3|2|3
1990-09-09|Cambridge U|Southend|1|4|3
1990-09-08|Wrexham|Aldershot|4|2|4
1990-09-08|Gillingham|Hartlepool|3|0|4
1990-09-08|Northampton|Blackpool|1|0|4
1990-09-08|Rochdale|Stockport|1|0|4
1990-09-08|Carlisle|Maidstone|1|0|4
1990-09-08|Chesterfield|Hereford|1|0|4
1990-09-08|Halifax|Doncaster|0|1|4
1990-09-08|Walsall|Darlington (old)|2|2|4
1990-09-08|Burnley|Scarborough|2|1|4
1990-09-08|Scunthorpe|Peterborough|1|1|4
1990-09-08|Cardiff|Torquay|3|3|4
1990-09-08|Chelsea|Sunderland|3|2|1
1990-09-08|Sheff Utd|Man City|1|1|1
1990-09-08|Tottenham|Derby|3|0|1
1990-09-08|Nottm Forest|Southampton|3|1|1
1990-09-08|Norwich|C Palace|0|3|1
1990-09-08|Luton|Leeds|1|0|1
1990-09-08|Wimbledon|Liverpool|1|2|1
1990-09-08|Aston Villa|Coventry|2|1|1
1990-09-08|Everton|Arsenal|1|1|1
1990-09-08|Man Utd|QPR|3|1|1
1990-09-08|Portsmouth|Port Vale|2|4|2
1990-09-08|Charlton|Sheff Wed|0|1|2
1990-09-08|Hull|Swindon|1|1|2
1990-09-08|Newcastle|Millwall|1|2|2
1990-09-08|Wolves|Bristol R|1|1|2
1990-09-08|Ipswich|Blackburn|2|1|2
1990-09-08|Bristol C|Plymouth|1|1|2
1990-09-08|Middlesbro|Notts Co|1|0|2
1990-09-08|Oxford|West Brom|1|3|2
1990-09-08|Watford|Brighton|0|1|2
1990-09-08|Barnsley|Oldham|0|1|2
1990-09-08|Leicester|West Ham|1|2|2
1990-09-08|Leyton Orient|Mansfield|2|1|3
1990-09-08|Preston|Tranmere|0|4|3
1990-09-08|Shrewsbury|Fulham|2|2|3
1990-09-08|Huddersfield|Bolton|4|0|3
1990-09-08|Brentford|Chester|0|1|3
1990-09-08|Bury|Rotherham|3|1|3
1990-09-08|Crewe|Grimsby|1|2|3
1990-09-08|Stoke|Birmingham|0|1|3
1990-09-08|Exeter|Swansea|2|0|3
1990-09-08|Wigan|Bournemouth|2|0|3
1990-09-08|Bradford|Reading|2|1|3
1990-09-05|Man City|Aston Villa|2|1|1
1990-09-04|Luton|Man Utd|0|1|1
1990-09-02|Swindon|Bristol C|0|1|2
1990-09-01|Lincoln|Halifax|1|0|4
1990-09-01|Doncaster|Wrexham|3|1|4
1990-09-01|Blackpool|Rochdale|0|0|4
1990-09-01|Aldershot|Scunthorpe|3|2|4
1990-09-01|Maidstone|Northampton|1|3|4
1990-09-01|Hartlepool|Cardiff|0|2|4
1990-09-01|Stockport|Walsall|3|0|4
1990-09-01|Hereford|York|2|0|4
1990-09-01|Peterborough|Carlisle|1|1|4
1990-09-01|Scarborough|Chesterfield|1|0|4
1990-09-01|Darlington (old)|Burnley|3|1|4
1990-09-01|Liverpool|Aston Villa|2|1|1
1990-09-01|QPR|Chelsea|1|0|1
1990-09-01|Coventry|Nottm Forest|2|2|1
1990-09-01|C Palace|Sheff Utd|1|0|1
1990-09-01|Arsenal|Tottenham|0|0|1
1990-09-01|Southampton|Luton|1|2|1
1990-09-01|Man City|Everton|1|0|1
1990-09-01|Sunderland|Man Utd|2|1|1
1990-09-01|Derby|Wimbledon|1|1|1
1990-09-01|Leeds|Norwich|3|0|1
1990-09-01|Sheff Wed|Hull|5|1|2
1990-09-01|Port Vale|Leicester|2|0|2
1990-09-01|Blackburn|Newcastle|0|1|2
1990-09-01|Notts Co|Oxford|3|1|2
1990-09-01|Brighton|Wolves|1|1|2
1990-09-01|Bristol R|Charlton|2|1|2
1990-09-01|Oldham|Portsmouth|3|1|2
1990-09-01|Millwall|Barnsley|4|1|2
1990-09-01|West Brom|Ipswich|1|2|2
1990-09-01|West Ham|Watford|1|0|2
1990-09-01|Plymouth|Middlesbro|1|1|2
1990-09-01|Fulham|Cambridge U|0|2|3
1990-09-01|Birmingham|Leyton Orient|3|1|3
1990-09-01|Reading|Preston|3|3|3
1990-09-01|Southend|Crewe|3|2|3
1990-09-01|Bolton|Bradford|0|1|3
1990-09-01|Bournemouth|Bury|1|1|3
1990-09-01|Grimsby|Wigan|4|3|3
1990-09-01|Rotherham|Shrewsbury|2|2|3
1990-09-01|Chester|Exeter|1|2|3
1990-09-01|Mansfield|Brentford|0|2|3
1990-09-01|Swansea|Huddersfield|1|0|3
1990-08-31|Torquay|Gillingham|3|1|4
1990-08-31|Tranmere|Stoke|1|2|3
1990-08-29|QPR|Wimbledon|0|1|1
1990-08-29|Coventry|Everton|3|1|1
1990-08-29|Arsenal|Luton|2|1|1
1990-08-29|Derby|Sheff Utd|1|1|1
1990-08-29|West Ham|Portsmouth|1|1|2
1990-08-28|Liverpool|Nottm Forest|2|0|1
1990-08-28|C Palace|Chelsea|2|1|1
1990-08-28|Southampton|Norwich|1|0|1
1990-08-28|Sunderland|Tottenham|0|0|1
1990-08-28|Leeds|Man Utd|0|0|1
1990-08-28|Port Vale|Wolves|1|2|2
1990-08-28|Blackburn|Hull|2|1|2
1990-08-28|Oldham|Leicester|2|0|2
1990-08-28|Swindon|Ipswich|1|0|2
1990-08-28|Plymouth|Watford|1|1|2
1990-08-25|Wrexham|Peterborough|0|0|4
1990-08-25|Gillingham|Darlington (old)|1|0|4
1990-08-25|York|Maidstone|0|1|4
1990-08-25|Rochdale|Aldershot|4|0|4
1990-08-25|Carlisle|Doncaster|2|3|4
1990-08-25|Chesterfield|Hartlepool|2|3|4
1990-08-25|Halifax|Stockport|0|0|4
1990-08-25|Walsall|Torquay|2|2|4
1990-08-25|Burnley|Lincoln|2|2|4
1990-08-25|Hereford|Northampton|1|2|4
1990-08-25|Scunthorpe|Blackpool|2|0|4
1990-08-25|Cardiff|Scarborough|0|0|4
1990-08-25|Chelsea|Derby|2|1|1
1990-08-25|Sheff Utd|Liverpool|1|3|1
1990-08-25|Tottenham|Man City|3|1|1
1990-08-25|Nottm Forest|QPR|1|1|1
1990-08-25|Norwich|Sunderland|3|2|1
1990-08-25|Luton|C Palace|1|1|1
1990-08-25|Wimbledon|Arsenal|0|3|1
1990-08-25|Aston Villa|Southampton|1|1|1
1990-08-25|Everton|Leeds|2|3|1
1990-08-25|Man Utd|Coventry|2|0|1
1990-08-25|Portsmouth|West Brom|1|1|2
1990-08-25|Charlton|Swindon|1|2|2
1990-08-25|Hull|Notts Co|1|2|2
1990-08-25|Newcastle|Plymouth|2|0|2
1990-08-25|Wolves|Oldham|2|3|2
1990-08-25|Ipswich|Sheff Wed|0|2|2
1990-08-25|Bristol C|Blackburn|4|2|2
1990-08-25|Middlesbro|West Ham|0|0|2
1990-08-25|Oxford|Port Vale|5|2|2
1990-08-25|Watford|Millwall|1|2|2
1990-08-25|Barnsley|Brighton|2|1|2
1990-08-25|Leicester|Bristol R|3|2|2
1990-08-25|Leyton Orient|Swansea|3|0|3
1990-08-25|Preston|Grimsby|1|3|3
1990-08-25|Shrewsbury|Bolton|0|1|3
1990-08-25|Huddersfield|Southend|1|2|3
1990-08-25|Brentford|Bournemouth|0|0|3
1990-08-25|Bury|Chester|2|1|3
1990-08-25|Crewe|Fulham|1|1|3
1990-08-25|Stoke|Rotherham|3|1|3
1990-08-25|Exeter|Reading|1|3|3
1990-08-25|Wigan|Mansfield|0|2|3
1990-08-25|Cambridge U|Birmingham|0|1|3
1990-08-25|Bradford|Tranmere|1|2|3
